Period,Replicate,Target,Token,Rank,Target_in_vocab,Vocab_size
1851-1900,0,terrorism,klan,34.0,True,12203
1851-1900,0,terrorism,fair_election,2083.0,True,12203
1851-1900,0,terrorism,intimidation_violence,249.0,True,12203
1851-1900,0,terrorism,georgia_alabama,25.0,True,12203
1851-1900,0,terrorism,alabama_arkansas,48.0,True,12203
1851-1900,0,terrorism,practical_disfranchisement,5.0,True,12203
1851-1900,0,terrorist,repression,3.0,True,12203
1851-1900,0,terrorist,brute_force,1152.0,True,12203
1851-1900,0,terrorist,reign_terror,31.0,True,12203
1851-1900,1,terrorism,klan,41.0,True,12186
1851-1900,1,terrorism,fair_election,154.0,True,12186
1851-1900,1,terrorism,intimidation_violence,101.0,True,12186
1851-1900,1,terrorism,georgia_alabama,77.0,True,12186
1851-1900,1,terrorism,alabama_arkansas,16.0,True,12186
1851-1900,1,terrorism,practical_disfranchisement,,True,12186
1851-1900,1,terrorist,repression,1868.0,True,12186
1851-1900,1,terrorist,brute_force,7.0,True,12186
1851-1900,1,terrorist,reign_terror,66.0,True,12186
1851-1900,2,terrorism,klan,789.0,True,12455
1851-1900,2,terrorism,fair_election,695.0,True,12455
1851-1900,2,terrorism,intimidation_violence,3942.0,True,12455
1851-1900,2,terrorism,georgia_alabama,121.0,True,12455
1851-1900,2,terrorism,alabama_arkansas,57.0,True,12455
1851-1900,2,terrorism,practical_disfranchisement,,True,12455
1851-1900,2,terrorist,repression,1107.0,True,12455
1851-1900,2,terrorist,brute_force,15.0,True,12455
1851-1900,2,terrorist,reign_terror,6.0,True,12455
1851-1900,3,terrorism,klan,814.0,True,12606
1851-1900,3,terrorism,fair_election,620.0,True,12606
1851-1900,3,terrorism,intimidation_violence,322.0,True,12606
1851-1900,3,terrorism,georgia_alabama,992.0,True,12606
1851-1900,3,terrorism,alabama_arkansas,61.0,True,12606
1851-1900,3,terrorism,practical_disfranchisement,8694.0,True,12606
1851-1900,3,terrorist,repression,381.0,True,12606
1851-1900,3,terrorist,brute_force,28.0,True,12606
1851-1900,3,terrorist,reign_terror,18.0,True,12606
1851-1900,4,terrorism,klan,88.0,True,12587
1851-1900,4,terrorism,fair_election,58.0,True,12587
1851-1900,4,terrorism,intimidation_violence,5.0,True,12587
1851-1900,4,terrorism,georgia_alabama,471.0,True,12587
1851-1900,4,terrorism,alabama_arkansas,19.0,True,12587
1851-1900,4,terrorism,practical_disfranchisement,9.0,True,12587
1851-1900,4,terrorist,repression,532.0,True,12587
1851-1900,4,terrorist,brute_force,525.0,True,12587
1851-1900,4,terrorist,reign_terror,10.0,True,12587
1851-1900,5,terrorism,klan,1556.0,True,12898
1851-1900,5,terrorism,fair_election,1057.0,True,12898
1851-1900,5,terrorism,intimidation_violence,110.0,True,12898
1851-1900,5,terrorism,georgia_alabama,139.0,True,12898
1851-1900,5,terrorism,alabama_arkansas,1299.0,True,12898
1851-1900,5,terrorism,practical_disfranchisement,,True,12898
1851-1900,5,terrorist,repression,2.0,True,12898
1851-1900,5,terrorist,brute_force,1.0,True,12898
1851-1900,5,terrorist,reign_terror,14.0,True,12898
1851-1900,6,terrorism,klan,758.0,True,12165
1851-1900,6,terrorism,fair_election,280.0,True,12165
1851-1900,6,terrorism,intimidation_violence,50.0,True,12165
1851-1900,6,terrorism,georgia_alabama,54.0,True,12165
1851-1900,6,terrorism,alabama_arkansas,7.0,True,12165
1851-1900,6,terrorism,practical_disfranchisement,,True,12165
1851-1900,6,terrorist,repression,1.0,True,12165
1851-1900,6,terrorist,brute_force,47.0,True,12165
1851-1900,6,terrorist,reign_terror,3.0,True,12165
1851-1900,7,terrorism,klan,507.0,True,11796
1851-1900,7,terrorism,fair_election,226.0,True,11796
1851-1900,7,terrorism,intimidation_violence,731.0,True,11796
1851-1900,7,terrorism,georgia_alabama,49.0,True,11796
1851-1900,7,terrorism,alabama_arkansas,10.0,True,11796
1851-1900,7,terrorism,practical_disfranchisement,653.0,True,11796
1851-1900,7,terrorist,repression,151.0,True,11796
1851-1900,7,terrorist,brute_force,1735.0,True,11796
1851-1900,7,terrorist,reign_terror,214.0,True,11796
1851-1900,8,terrorism,klan,17.0,True,12787
1851-1900,8,terrorism,fair_election,67.0,True,12787
1851-1900,8,terrorism,intimidation_violence,51.0,True,12787
1851-1900,8,terrorism,georgia_alabama,22.0,True,12787
1851-1900,8,terrorism,alabama_arkansas,2.0,True,12787
1851-1900,8,terrorism,practical_disfranchisement,,True,12787
1851-1900,8,terrorist,repression,16.0,True,12787
1851-1900,8,terrorist,brute_force,2676.0,True,12787
1851-1900,8,terrorist,reign_terror,20.0,True,12787
1851-1900,9,terrorism,klan,4363.0,True,11901
1851-1900,9,terrorism,fair_election,1972.0,True,11901
1851-1900,9,terrorism,intimidation_violence,332.0,True,11901
1851-1900,9,terrorism,georgia_alabama,189.0,True,11901
1851-1900,9,terrorism,alabama_arkansas,38.0,True,11901
1851-1900,9,terrorism,practical_disfranchisement,91.0,True,11901
1851-1900,9,terrorist,repression,6.0,True,11901
1851-1900,9,terrorist,brute_force,,True,11901
1851-1900,9,terrorist,reign_terror,8.0,True,11901
1851-1900,10,terrorism,klan,388.0,True,12959
1851-1900,10,terrorism,fair_election,2252.0,True,12959
1851-1900,10,terrorism,intimidation_violence,436.0,True,12959
1851-1900,10,terrorism,georgia_alabama,474.0,True,12959
1851-1900,10,terrorism,alabama_arkansas,225.0,True,12959
1851-1900,10,terrorism,practical_disfranchisement,,True,12959
1851-1900,10,terrorist,repression,19.0,True,12959
1851-1900,10,terrorist,brute_force,94.0,True,12959
1851-1900,10,terrorist,reign_terror,124.0,True,12959
1851-1900,11,terrorism,klan,5151.0,True,12372
1851-1900,11,terrorism,fair_election,224.0,True,12372
1851-1900,11,terrorism,intimidation_violence,1385.0,True,12372
1851-1900,11,terrorism,georgia_alabama,3.0,True,12372
1851-1900,11,terrorism,alabama_arkansas,488.0,True,12372
1851-1900,11,terrorism,practical_disfranchisement,,True,12372
1851-1900,11,terrorist,repression,70.0,True,12372
1851-1900,11,terrorist,brute_force,687.0,True,12372
1851-1900,11,terrorist,reign_terror,37.0,True,12372
1851-1900,12,terrorism,klan,134.0,True,11985
1851-1900,12,terrorism,fair_election,4334.0,True,11985
1851-1900,12,terrorism,intimidation_violence,118.0,True,11985
1851-1900,12,terrorism,georgia_alabama,33.0,True,11985
1851-1900,12,terrorism,alabama_arkansas,43.0,True,11985
1851-1900,12,terrorism,practical_disfranchisement,,True,11985
1851-1900,12,terrorist,repression,3237.0,True,11985
1851-1900,12,terrorist,brute_force,,True,11985
1851-1900,12,terrorist,reign_terror,44.0,True,11985
1851-1900,13,terrorism,klan,455.0,True,12712
1851-1900,13,terrorism,fair_election,43.0,True,12712
1851-1900,13,terrorism,intimidation_violence,34.0,True,12712
1851-1900,13,terrorism,georgia_alabama,,True,12712
1851-1900,13,terrorism,alabama_arkansas,1.0,True,12712
1851-1900,13,terrorism,practical_disfranchisement,173.0,True,12712
1851-1900,13,terrorist,repression,537.0,True,12712
1851-1900,13,terrorist,brute_force,260.0,True,12712
1851-1900,13,terrorist,reign_terror,6.0,True,12712
1851-1900,14,terrorism,klan,1455.0,True,12414
1851-1900,14,terrorism,fair_election,324.0,True,12414
1851-1900,14,terrorism,intimidation_violence,159.0,True,12414
1851-1900,14,terrorism,georgia_alabama,362.0,True,12414
1851-1900,14,terrorism,alabama_arkansas,6.0,True,12414
1851-1900,14,terrorism,practical_disfranchisement,,True,12414
1851-1900,14,terrorist,repression,46.0,True,12414
1851-1900,14,terrorist,brute_force,758.0,True,12414
1851-1900,14,terrorist,reign_terror,38.0,True,12414
1851-1900,15,terrorism,klan,387.0,True,11950
1851-1900,15,terrorism,fair_election,4.0,True,11950
1851-1900,15,terrorism,intimidation_violence,24.0,True,11950
1851-1900,15,terrorism,georgia_alabama,5.0,True,11950
1851-1900,15,terrorism,alabama_arkansas,63.0,True,11950
1851-1900,15,terrorism,practical_disfranchisement,393.0,True,11950
1851-1900,15,terrorist,repression,4647.0,True,11950
1851-1900,15,terrorist,brute_force,97.0,True,11950
1851-1900,15,terrorist,reign_terror,49.0,True,11950
1851-1900,16,terrorism,klan,58.0,True,12364
1851-1900,16,terrorism,fair_election,157.0,True,12364
1851-1900,16,terrorism,intimidation_violence,151.0,True,12364
1851-1900,16,terrorism,georgia_alabama,7.0,True,12364
1851-1900,16,terrorism,alabama_arkansas,6.0,True,12364
1851-1900,16,terrorism,practical_disfranchisement,,True,12364
1851-1900,16,terrorist,repression,56.0,True,12364
1851-1900,16,terrorist,brute_force,3916.0,True,12364
1851-1900,16,terrorist,reign_terror,3.0,True,12364
1851-1900,17,terrorism,klan,2776.0,True,12398
1851-1900,17,terrorism,fair_election,72.0,True,12398
1851-1900,17,terrorism,intimidation_violence,380.0,True,12398
1851-1900,17,terrorism,georgia_alabama,730.0,True,12398
1851-1900,17,terrorism,alabama_arkansas,4198.0,True,12398
1851-1900,17,terrorism,practical_disfranchisement,100.0,True,12398
1851-1900,17,terrorist,repression,2.0,True,12398
1851-1900,17,terrorist,brute_force,71.0,True,12398
1851-1900,17,terrorist,reign_terror,11.0,True,12398
1851-1900,18,terrorism,klan,142.0,True,11581
1851-1900,18,terrorism,fair_election,732.0,True,11581
1851-1900,18,terrorism,intimidation_violence,1235.0,True,11581
1851-1900,18,terrorism,georgia_alabama,220.0,True,11581
1851-1900,18,terrorism,alabama_arkansas,23.0,True,11581
1851-1900,18,terrorism,practical_disfranchisement,371.0,True,11581
1851-1900,18,terrorist,repression,9.0,True,11581
1851-1900,18,terrorist,brute_force,7.0,True,11581
1851-1900,18,terrorist,reign_terror,38.0,True,11581
1851-1900,19,terrorism,klan,329.0,True,12021
1851-1900,19,terrorism,fair_election,2516.0,True,12021
1851-1900,19,terrorism,intimidation_violence,4.0,True,12021
1851-1900,19,terrorism,georgia_alabama,243.0,True,12021
1851-1900,19,terrorism,alabama_arkansas,104.0,True,12021
1851-1900,19,terrorism,practical_disfranchisement,,True,12021
1851-1900,19,terrorist,repression,21.0,True,12021
1851-1900,19,terrorist,brute_force,7828.0,True,12021
1851-1900,19,terrorist,reign_terror,31.0,True,12021
1851-1900,20,terrorism,klan,104.0,True,12351
1851-1900,20,terrorism,fair_election,212.0,True,12351
1851-1900,20,terrorism,intimidation_violence,35.0,True,12351
1851-1900,20,terrorism,georgia_alabama,1088.0,True,12351
1851-1900,20,terrorism,alabama_arkansas,151.0,True,12351
1851-1900,20,terrorism,practical_disfranchisement,742.0,True,12351
1851-1900,20,terrorist,repression,31.0,True,12351
1851-1900,20,terrorist,brute_force,9088.0,True,12351
1851-1900,20,terrorist,reign_terror,39.0,True,12351
1851-1900,21,terrorism,klan,2218.0,True,12098
1851-1900,21,terrorism,fair_election,558.0,True,12098
1851-1900,21,terrorism,intimidation_violence,213.0,True,12098
1851-1900,21,terrorism,georgia_alabama,9.0,True,12098
1851-1900,21,terrorism,alabama_arkansas,991.0,True,12098
1851-1900,21,terrorism,practical_disfranchisement,1689.0,True,12098
1851-1900,21,terrorist,repression,47.0,True,12098
1851-1900,21,terrorist,brute_force,7.0,True,12098
1851-1900,21,terrorist,reign_terror,21.0,True,12098
1851-1900,22,terrorism,klan,1361.0,True,12547
1851-1900,22,terrorism,fair_election,2736.0,True,12547
1851-1900,22,terrorism,intimidation_violence,2142.0,True,12547
1851-1900,22,terrorism,georgia_alabama,535.0,True,12547
1851-1900,22,terrorism,alabama_arkansas,105.0,True,12547
1851-1900,22,terrorism,practical_disfranchisement,,True,12547
1851-1900,22,terrorist,repression,217.0,True,12547
1851-1900,22,terrorist,brute_force,4.0,True,12547
1851-1900,22,terrorist,reign_terror,35.0,True,12547
1851-1900,23,terrorism,klan,3023.0,True,12170
1851-1900,23,terrorism,fair_election,201.0,True,12170
1851-1900,23,terrorism,intimidation_violence,20.0,True,12170
1851-1900,23,terrorism,georgia_alabama,,True,12170
1851-1900,23,terrorism,alabama_arkansas,8.0,True,12170
1851-1900,23,terrorism,practical_disfranchisement,80.0,True,12170
1851-1900,23,terrorist,repression,59.0,True,12170
1851-1900,23,terrorist,brute_force,53.0,True,12170
1851-1900,23,terrorist,reign_terror,6.0,True,12170
1851-1900,24,terrorism,klan,1654.0,True,12467
1851-1900,24,terrorism,fair_election,119.0,True,12467
1851-1900,24,terrorism,intimidation_violence,11.0,True,12467
1851-1900,24,terrorism,georgia_alabama,13.0,True,12467
1851-1900,24,terrorism,alabama_arkansas,28.0,True,12467
1851-1900,24,terrorism,practical_disfranchisement,200.0,True,12467
1851-1900,24,terrorist,repression,4.0,True,12467
1851-1900,24,terrorist,brute_force,9306.0,True,12467
1851-1900,24,terrorist,reign_terror,55.0,True,12467
1851-1900,25,terrorism,klan,4301.0,True,12387
1851-1900,25,terrorism,fair_election,83.0,True,12387
1851-1900,25,terrorism,intimidation_violence,458.0,True,12387
1851-1900,25,terrorism,georgia_alabama,270.0,True,12387
1851-1900,25,terrorism,alabama_arkansas,21.0,True,12387
1851-1900,25,terrorism,practical_disfranchisement,,True,12387
1851-1900,25,terrorist,repression,19.0,True,12387
1851-1900,25,terrorist,brute_force,268.0,True,12387
1851-1900,25,terrorist,reign_terror,16.0,True,12387
1851-1900,26,terrorism,klan,1486.0,True,12094
1851-1900,26,terrorism,fair_election,2095.0,True,12094
1851-1900,26,terrorism,intimidation_violence,394.0,True,12094
1851-1900,26,terrorism,georgia_alabama,85.0,True,12094
1851-1900,26,terrorism,alabama_arkansas,12.0,True,12094
1851-1900,26,terrorism,practical_disfranchisement,909.0,True,12094
1851-1900,26,terrorist,repression,65.0,True,12094
1851-1900,26,terrorist,brute_force,1.0,True,12094
1851-1900,26,terrorist,reign_terror,73.0,True,12094
1851-1900,27,terrorism,klan,681.0,True,12199
1851-1900,27,terrorism,fair_election,698.0,True,12199
1851-1900,27,terrorism,intimidation_violence,88.0,True,12199
1851-1900,27,terrorism,georgia_alabama,270.0,True,12199
1851-1900,27,terrorism,alabama_arkansas,83.0,True,12199
1851-1900,27,terrorism,practical_disfranchisement,2656.0,True,12199
1851-1900,27,terrorist,repression,50.0,True,12199
1851-1900,27,terrorist,brute_force,2.0,True,12199
1851-1900,27,terrorist,reign_terror,145.0,True,12199
1851-1900,28,terrorism,klan,2521.0,True,12996
1851-1900,28,terrorism,fair_election,1179.0,True,12996
1851-1900,28,terrorism,intimidation_violence,576.0,True,12996
1851-1900,28,terrorism,georgia_alabama,,True,12996
1851-1900,28,terrorism,alabama_arkansas,281.0,True,12996
1851-1900,28,terrorism,practical_disfranchisement,,True,12996
1851-1900,28,terrorist,repression,17.0,True,12996
1851-1900,28,terrorist,brute_force,,True,12996
1851-1900,28,terrorist,reign_terror,36.0,True,12996
1851-1900,29,terrorism,klan,2855.0,True,11749
1851-1900,29,terrorism,fair_election,522.0,True,11749
1851-1900,29,terrorism,intimidation_violence,561.0,True,11749
1851-1900,29,terrorism,georgia_alabama,4.0,True,11749
1851-1900,29,terrorism,alabama_arkansas,120.0,True,11749
1851-1900,29,terrorism,practical_disfranchisement,1689.0,True,11749
1851-1900,29,terrorist,repression,4.0,True,11749
1851-1900,29,terrorist,brute_force,883.0,True,11749
1851-1900,29,terrorist,reign_terror,5.0,True,11749
1851-1900,30,terrorism,klan,1512.0,True,12304
1851-1900,30,terrorism,fair_election,1234.0,True,12304
1851-1900,30,terrorism,intimidation_violence,1997.0,True,12304
1851-1900,30,terrorism,georgia_alabama,2703.0,True,12304
1851-1900,30,terrorism,alabama_arkansas,1497.0,True,12304
1851-1900,30,terrorism,practical_disfranchisement,,True,12304
1851-1900,30,terrorist,repression,20.0,True,12304
1851-1900,30,terrorist,brute_force,4694.0,True,12304
1851-1900,30,terrorist,reign_terror,1.0,True,12304
1851-1900,31,terrorism,klan,339.0,True,12311
1851-1900,31,terrorism,fair_election,500.0,True,12311
1851-1900,31,terrorism,intimidation_violence,135.0,True,12311
1851-1900,31,terrorism,georgia_alabama,,True,12311
1851-1900,31,terrorism,alabama_arkansas,154.0,True,12311
1851-1900,31,terrorism,practical_disfranchisement,42.0,True,12311
1851-1900,31,terrorist,repression,3.0,True,12311
1851-1900,31,terrorist,brute_force,6.0,True,12311
1851-1900,31,terrorist,reign_terror,16.0,True,12311
1851-1900,32,terrorism,klan,1.0,True,12218
1851-1900,32,terrorism,fair_election,111.0,True,12218
1851-1900,32,terrorism,intimidation_violence,876.0,True,12218
1851-1900,32,terrorism,georgia_alabama,42.0,True,12218
1851-1900,32,terrorism,alabama_arkansas,,True,12218
1851-1900,32,terrorism,practical_disfranchisement,1179.0,True,12218
1851-1900,32,terrorist,repression,169.0,True,12218
1851-1900,32,terrorist,brute_force,29.0,True,12218
1851-1900,32,terrorist,reign_terror,2.0,True,12218
1851-1900,33,terrorism,klan,737.0,True,12039
1851-1900,33,terrorism,fair_election,2077.0,True,12039
1851-1900,33,terrorism,intimidation_violence,98.0,True,12039
1851-1900,33,terrorism,georgia_alabama,23.0,True,12039
1851-1900,33,terrorism,alabama_arkansas,9.0,True,12039
1851-1900,33,terrorism,practical_disfranchisement,432.0,True,12039
1851-1900,33,terrorist,repression,18.0,True,12039
1851-1900,33,terrorist,brute_force,1.0,True,12039
1851-1900,33,terrorist,reign_terror,134.0,True,12039
1851-1900,34,terrorism,klan,53.0,True,12402
1851-1900,34,terrorism,fair_election,4300.0,True,12402
1851-1900,34,terrorism,intimidation_violence,175.0,True,12402
1851-1900,34,terrorism,georgia_alabama,3994.0,True,12402
1851-1900,34,terrorism,alabama_arkansas,1896.0,True,12402
1851-1900,34,terrorism,practical_disfranchisement,297.0,True,12402
1851-1900,34,terrorist,repression,537.0,True,12402
1851-1900,34,terrorist,brute_force,,True,12402
1851-1900,34,terrorist,reign_terror,50.0,True,12402
1851-1900,35,terrorism,klan,194.0,True,12817
1851-1900,35,terrorism,fair_election,514.0,True,12817
1851-1900,35,terrorism,intimidation_violence,1460.0,True,12817
1851-1900,35,terrorism,georgia_alabama,31.0,True,12817
1851-1900,35,terrorism,alabama_arkansas,128.0,True,12817
1851-1900,35,terrorism,practical_disfranchisement,407.0,True,12817
1851-1900,35,terrorist,repression,20.0,True,12817
1851-1900,35,terrorist,brute_force,146.0,True,12817
1851-1900,35,terrorist,reign_terror,7.0,True,12817
1851-1900,36,terrorism,klan,144.0,True,12446
1851-1900,36,terrorism,fair_election,1300.0,True,12446
1851-1900,36,terrorism,intimidation_violence,39.0,True,12446
1851-1900,36,terrorism,georgia_alabama,,True,12446
1851-1900,36,terrorism,alabama_arkansas,11.0,True,12446
1851-1900,36,terrorism,practical_disfranchisement,,True,12446
1851-1900,36,terrorist,repression,86.0,True,12446
1851-1900,36,terrorist,brute_force,513.0,True,12446
1851-1900,36,terrorist,reign_terror,33.0,True,12446
1851-1900,37,terrorism,klan,269.0,True,12315
1851-1900,37,terrorism,fair_election,52.0,True,12315
1851-1900,37,terrorism,intimidation_violence,56.0,True,12315
1851-1900,37,terrorism,georgia_alabama,48.0,True,12315
1851-1900,37,terrorism,alabama_arkansas,249.0,True,12315
1851-1900,37,terrorism,practical_disfranchisement,237.0,True,12315
1851-1900,37,terrorist,repression,146.0,True,12315
1851-1900,37,terrorist,brute_force,227.0,True,12315
1851-1900,37,terrorist,reign_terror,10.0,True,12315
1851-1900,38,terrorism,klan,220.0,True,12176
1851-1900,38,terrorism,fair_election,121.0,True,12176
1851-1900,38,terrorism,intimidation_violence,1030.0,True,12176
1851-1900,38,terrorism,georgia_alabama,82.0,True,12176
1851-1900,38,terrorism,alabama_arkansas,3629.0,True,12176
1851-1900,38,terrorism,practical_disfranchisement,655.0,True,12176
1851-1900,38,terrorist,repression,32.0,True,12176
1851-1900,38,terrorist,brute_force,50.0,True,12176
1851-1900,38,terrorist,reign_terror,40.0,True,12176
1851-1900,39,terrorism,klan,758.0,True,12305
1851-1900,39,terrorism,fair_election,72.0,True,12305
1851-1900,39,terrorism,intimidation_violence,1150.0,True,12305
1851-1900,39,terrorism,georgia_alabama,36.0,True,12305
1851-1900,39,terrorism,alabama_arkansas,6.0,True,12305
1851-1900,39,terrorism,practical_disfranchisement,271.0,True,12305
1851-1900,39,terrorist,repression,56.0,True,12305
1851-1900,39,terrorist,brute_force,269.0,True,12305
1851-1900,39,terrorist,reign_terror,7.0,True,12305
1851-1900,40,terrorism,klan,160.0,True,12079
1851-1900,40,terrorism,fair_election,738.0,True,12079
1851-1900,40,terrorism,intimidation_violence,32.0,True,12079
1851-1900,40,terrorism,georgia_alabama,45.0,True,12079
1851-1900,40,terrorism,alabama_arkansas,234.0,True,12079
1851-1900,40,terrorism,practical_disfranchisement,651.0,True,12079
1851-1900,40,terrorist,repression,197.0,True,12079
1851-1900,40,terrorist,brute_force,1020.0,True,12079
1851-1900,40,terrorist,reign_terror,48.0,True,12079
1851-1900,41,terrorism,klan,140.0,True,11996
1851-1900,41,terrorism,fair_election,30.0,True,11996
1851-1900,41,terrorism,intimidation_violence,7.0,True,11996
1851-1900,41,terrorism,georgia_alabama,36.0,True,11996
1851-1900,41,terrorism,alabama_arkansas,,True,11996
1851-1900,41,terrorism,practical_disfranchisement,,True,11996
1851-1900,41,terrorist,repression,5.0,True,11996
1851-1900,41,terrorist,brute_force,237.0,True,11996
1851-1900,41,terrorist,reign_terror,46.0,True,11996
1851-1900,42,terrorism,klan,999.0,True,11500
1851-1900,42,terrorism,fair_election,33.0,True,11500
1851-1900,42,terrorism,intimidation_violence,2.0,True,11500
1851-1900,42,terrorism,georgia_alabama,34.0,True,11500
1851-1900,42,terrorism,alabama_arkansas,87.0,True,11500
1851-1900,42,terrorism,practical_disfranchisement,1163.0,True,11500
1851-1900,42,terrorist,repression,138.0,True,11500
1851-1900,42,terrorist,brute_force,13.0,True,11500
1851-1900,42,terrorist,reign_terror,86.0,True,11500
1851-1900,43,terrorism,klan,938.0,True,12271
1851-1900,43,terrorism,fair_election,519.0,True,12271
1851-1900,43,terrorism,intimidation_violence,2067.0,True,12271
1851-1900,43,terrorism,georgia_alabama,2424.0,True,12271
1851-1900,43,terrorism,alabama_arkansas,,True,12271
1851-1900,43,terrorism,practical_disfranchisement,3044.0,True,12271
1851-1900,43,terrorist,repression,6.0,True,12271
1851-1900,43,terrorist,brute_force,66.0,True,12271
1851-1900,43,terrorist,reign_terror,3.0,True,12271
1851-1900,44,terrorism,klan,1676.0,True,12023
1851-1900,44,terrorism,fair_election,2388.0,True,12023
1851-1900,44,terrorism,intimidation_violence,1882.0,True,12023
1851-1900,44,terrorism,georgia_alabama,33.0,True,12023
1851-1900,44,terrorism,alabama_arkansas,53.0,True,12023
1851-1900,44,terrorism,practical_disfranchisement,481.0,True,12023
1851-1900,44,terrorist,repression,2.0,True,12023
1851-1900,44,terrorist,brute_force,1126.0,True,12023
1851-1900,44,terrorist,reign_terror,22.0,True,12023
1851-1900,45,terrorism,klan,2875.0,True,12678
1851-1900,45,terrorism,fair_election,9129.0,True,12678
1851-1900,45,terrorism,intimidation_violence,1152.0,True,12678
1851-1900,45,terrorism,georgia_alabama,,True,12678
1851-1900,45,terrorism,alabama_arkansas,4333.0,True,12678
1851-1900,45,terrorism,practical_disfranchisement,,True,12678
1851-1900,45,terrorist,repression,1332.0,True,12678
1851-1900,45,terrorist,brute_force,27.0,True,12678
1851-1900,45,terrorist,reign_terror,60.0,True,12678
1851-1900,46,terrorism,klan,1671.0,True,12344
1851-1900,46,terrorism,fair_election,109.0,True,12344
1851-1900,46,terrorism,intimidation_violence,16.0,True,12344
1851-1900,46,terrorism,georgia_alabama,2.0,True,12344
1851-1900,46,terrorism,alabama_arkansas,112.0,True,12344
1851-1900,46,terrorism,practical_disfranchisement,266.0,True,12344
1851-1900,46,terrorist,repression,78.0,True,12344
1851-1900,46,terrorist,brute_force,,True,12344
1851-1900,46,terrorist,reign_terror,79.0,True,12344
1851-1900,47,terrorism,klan,76.0,True,12944
1851-1900,47,terrorism,fair_election,170.0,True,12944
1851-1900,47,terrorism,intimidation_violence,117.0,True,12944
1851-1900,47,terrorism,georgia_alabama,155.0,True,12944
1851-1900,47,terrorism,alabama_arkansas,5.0,True,12944
1851-1900,47,terrorism,practical_disfranchisement,140.0,True,12944
1851-1900,47,terrorist,repression,4.0,True,12944
1851-1900,47,terrorist,brute_force,43.0,True,12944
1851-1900,47,terrorist,reign_terror,227.0,True,12944
1851-1900,48,terrorism,klan,1448.0,True,12570
1851-1900,48,terrorism,fair_election,110.0,True,12570
1851-1900,48,terrorism,intimidation_violence,454.0,True,12570
1851-1900,48,terrorism,georgia_alabama,134.0,True,12570
1851-1900,48,terrorism,alabama_arkansas,2082.0,True,12570
1851-1900,48,terrorism,practical_disfranchisement,6146.0,True,12570
1851-1900,48,terrorist,repression,859.0,True,12570
1851-1900,48,terrorist,brute_force,6898.0,True,12570
1851-1900,48,terrorist,reign_terror,20.0,True,12570
1851-1900,49,terrorism,klan,127.0,True,11846
1851-1900,49,terrorism,fair_election,95.0,True,11846
1851-1900,49,terrorism,intimidation_violence,92.0,True,11846
1851-1900,49,terrorism,georgia_alabama,48.0,True,11846
1851-1900,49,terrorism,alabama_arkansas,8.0,True,11846
1851-1900,49,terrorism,practical_disfranchisement,148.0,True,11846
1851-1900,49,terrorist,repression,135.0,True,11846
1851-1900,49,terrorist,brute_force,182.0,True,11846
1851-1900,49,terrorist,reign_terror,31.0,True,11846
1901-1930,0,terrorism,bulgar,,True,8776
1901-1930,0,terrorism,social_revolutionist,700.0,True,8776
1901-1930,0,terrorism,socialist_revolutionary,131.0,True,8776
1901-1930,0,terrorism,assassination,547.0,True,8776
1901-1930,0,terrorist,night_rider,39.0,True,8776
1901-1930,1,terrorism,bulgar,2.0,True,8902
1901-1930,1,terrorism,social_revolutionist,63.0,True,8902
1901-1930,1,terrorism,socialist_revolutionary,172.0,True,8902
1901-1930,1,terrorism,assassination,163.0,True,8902
1901-1930,1,terrorist,night_rider,513.0,True,8902
1901-1930,2,terrorism,bulgar,,True,9127
1901-1930,2,terrorism,social_revolutionist,14.0,True,9127
1901-1930,2,terrorism,socialist_revolutionary,31.0,True,9127
1901-1930,2,terrorism,assassination,475.0,True,9127
1901-1930,2,terrorist,night_rider,138.0,True,9127
1901-1930,3,terrorism,bulgar,2.0,True,9066
1901-1930,3,terrorism,social_revolutionist,8.0,True,9066
1901-1930,3,terrorism,socialist_revolutionary,17.0,True,9066
1901-1930,3,terrorism,assassination,187.0,True,9066
1901-1930,3,terrorist,night_rider,70.0,True,9066
1901-1930,4,terrorism,bulgar,,True,8458
1901-1930,4,terrorism,social_revolutionist,8.0,True,8458
1901-1930,4,terrorism,socialist_revolutionary,494.0,True,8458
1901-1930,4,terrorism,assassination,112.0,True,8458
1901-1930,4,terrorist,night_rider,379.0,True,8458
1901-1930,5,terrorism,bulgar,664.0,True,9123
1901-1930,5,terrorism,social_revolutionist,12.0,True,9123
1901-1930,5,terrorism,socialist_revolutionary,2.0,True,9123
1901-1930,5,terrorism,assassination,392.0,True,9123
1901-1930,5,terrorist,night_rider,18.0,True,9123
1901-1930,6,terrorism,bulgar,2.0,True,8751
1901-1930,6,terrorism,social_revolutionist,93.0,True,8751
1901-1930,6,terrorism,socialist_revolutionary,32.0,True,8751
1901-1930,6,terrorism,assassination,125.0,True,8751
1901-1930,6,terrorist,night_rider,55.0,True,8751
1901-1930,7,terrorism,bulgar,14.0,True,8783
1901-1930,7,terrorism,social_revolutionist,23.0,True,8783
1901-1930,7,terrorism,socialist_revolutionary,11.0,True,8783
1901-1930,7,terrorism,assassination,48.0,True,8783
1901-1930,7,terrorist,night_rider,44.0,True,8783
1901-1930,8,terrorism,bulgar,1.0,True,8423
1901-1930,8,terrorism,social_revolutionist,468.0,True,8423
1901-1930,8,terrorism,socialist_revolutionary,29.0,True,8423
1901-1930,8,terrorism,assassination,508.0,True,8423
1901-1930,8,terrorist,night_rider,27.0,True,8423
1901-1930,9,terrorism,bulgar,1.0,True,9032
1901-1930,9,terrorism,social_revolutionist,63.0,True,9032
1901-1930,9,terrorism,socialist_revolutionary,,True,9032
1901-1930,9,terrorism,assassination,258.0,True,9032
1901-1930,9,terrorist,night_rider,559.0,True,9032
1901-1930,10,terrorism,bulgar,90.0,True,8836
1901-1930,10,terrorism,social_revolutionist,19.0,True,8836
1901-1930,10,terrorism,socialist_revolutionary,141.0,True,8836
1901-1930,10,terrorism,assassination,163.0,True,8836
1901-1930,10,terrorist,night_rider,13.0,True,8836
1901-1930,11,terrorism,bulgar,,True,8828
1901-1930,11,terrorism,social_revolutionist,27.0,True,8828
1901-1930,11,terrorism,socialist_revolutionary,9.0,True,8828
1901-1930,11,terrorism,assassination,133.0,True,8828
1901-1930,11,terrorist,night_rider,,True,8828
1901-1930,12,terrorism,bulgar,,True,8886
1901-1930,12,terrorism,social_revolutionist,10.0,True,8886
1901-1930,12,terrorism,socialist_revolutionary,201.0,True,8886
1901-1930,12,terrorism,assassination,121.0,True,8886
1901-1930,12,terrorist,night_rider,140.0,True,8886
1901-1930,13,terrorism,bulgar,,True,8999
1901-1930,13,terrorism,social_revolutionist,19.0,True,8999
1901-1930,13,terrorism,socialist_revolutionary,187.0,True,8999
1901-1930,13,terrorism,assassination,181.0,True,8999
1901-1930,13,terrorist,night_rider,255.0,True,8999
1901-1930,14,terrorism,bulgar,28.0,True,8876
1901-1930,14,terrorism,social_revolutionist,11.0,True,8876
1901-1930,14,terrorism,socialist_revolutionary,7.0,True,8876
1901-1930,14,terrorism,assassination,34.0,True,8876
1901-1930,14,terrorist,night_rider,81.0,True,8876
1901-1930,15,terrorism,bulgar,4.0,True,8818
1901-1930,15,terrorism,social_revolutionist,38.0,True,8818
1901-1930,15,terrorism,socialist_revolutionary,10.0,True,8818
1901-1930,15,terrorism,assassination,1183.0,True,8818
1901-1930,15,terrorist,night_rider,41.0,True,8818
1901-1930,16,terrorism,bulgar,,True,8841
1901-1930,16,terrorism,social_revolutionist,6.0,True,8841
1901-1930,16,terrorism,socialist_revolutionary,22.0,True,8841
1901-1930,16,terrorism,assassination,148.0,True,8841
1901-1930,16,terrorist,night_rider,,True,8841
1901-1930,17,terrorism,bulgar,,True,8689
1901-1930,17,terrorism,social_revolutionist,69.0,True,8689
1901-1930,17,terrorism,socialist_revolutionary,492.0,True,8689
1901-1930,17,terrorism,assassination,459.0,True,8689
1901-1930,17,terrorist,night_rider,175.0,True,8689
1901-1930,18,terrorism,bulgar,30.0,True,8926
1901-1930,18,terrorism,social_revolutionist,17.0,True,8926
1901-1930,18,terrorism,socialist_revolutionary,52.0,True,8926
1901-1930,18,terrorism,assassination,26.0,True,8926
1901-1930,18,terrorist,night_rider,,True,8926
1901-1930,19,terrorism,bulgar,,True,8792
1901-1930,19,terrorism,social_revolutionist,42.0,True,8792
1901-1930,19,terrorism,socialist_revolutionary,218.0,True,8792
1901-1930,19,terrorism,assassination,50.0,True,8792
1901-1930,19,terrorist,night_rider,,True,8792
1901-1930,20,terrorism,bulgar,,True,8843
1901-1930,20,terrorism,social_revolutionist,106.0,True,8843
1901-1930,20,terrorism,socialist_revolutionary,18.0,True,8843
1901-1930,20,terrorism,assassination,184.0,True,8843
1901-1930,20,terrorist,night_rider,28.0,True,8843
1901-1930,21,terrorism,bulgar,186.0,True,8747
1901-1930,21,terrorism,social_revolutionist,439.0,True,8747
1901-1930,21,terrorism,socialist_revolutionary,760.0,True,8747
1901-1930,21,terrorism,assassination,295.0,True,8747
1901-1930,21,terrorist,night_rider,5.0,True,8747
1901-1930,22,terrorism,bulgar,5.0,True,8877
1901-1930,22,terrorism,social_revolutionist,171.0,True,8877
1901-1930,22,terrorism,socialist_revolutionary,78.0,True,8877
1901-1930,22,terrorism,assassination,223.0,True,8877
1901-1930,22,terrorist,night_rider,212.0,True,8877
1901-1930,23,terrorism,bulgar,3.0,True,8992
1901-1930,23,terrorism,social_revolutionist,65.0,True,8992
1901-1930,23,terrorism,socialist_revolutionary,488.0,True,8992
1901-1930,23,terrorism,assassination,7.0,True,8992
1901-1930,23,terrorist,night_rider,45.0,True,8992
1901-1930,24,terrorism,bulgar,,True,9162
1901-1930,24,terrorism,social_revolutionist,16.0,True,9162
1901-1930,24,terrorism,socialist_revolutionary,1663.0,True,9162
1901-1930,24,terrorism,assassination,2448.0,True,9162
1901-1930,24,terrorist,night_rider,193.0,True,9162
1901-1930,25,terrorism,bulgar,1.0,True,8699
1901-1930,25,terrorism,social_revolutionist,406.0,True,8699
1901-1930,25,terrorism,socialist_revolutionary,17.0,True,8699
1901-1930,25,terrorism,assassination,66.0,True,8699
1901-1930,25,terrorist,night_rider,8.0,True,8699
1901-1930,26,terrorism,bulgar,2.0,True,8654
1901-1930,26,terrorism,social_revolutionist,25.0,True,8654
1901-1930,26,terrorism,socialist_revolutionary,16.0,True,8654
1901-1930,26,terrorism,assassination,19.0,True,8654
1901-1930,26,terrorist,night_rider,46.0,True,8654
1901-1930,27,terrorism,bulgar,749.0,True,8969
1901-1930,27,terrorism,social_revolutionist,66.0,True,8969
1901-1930,27,terrorism,socialist_revolutionary,8.0,True,8969
1901-1930,27,terrorism,assassination,78.0,True,8969
1901-1930,27,terrorist,night_rider,43.0,True,8969
1901-1930,28,terrorism,bulgar,,True,8883
1901-1930,28,terrorism,social_revolutionist,17.0,True,8883
1901-1930,28,terrorism,socialist_revolutionary,37.0,True,8883
1901-1930,28,terrorism,assassination,5.0,True,8883
1901-1930,28,terrorist,night_rider,,True,8883
1901-1930,29,terrorism,bulgar,1.0,True,8682
1901-1930,29,terrorism,social_revolutionist,84.0,True,8682
1901-1930,29,terrorism,socialist_revolutionary,14.0,True,8682
1901-1930,29,terrorism,assassination,438.0,True,8682
1901-1930,29,terrorist,night_rider,294.0,True,8682
1901-1930,30,terrorism,bulgar,7.0,True,8878
1901-1930,30,terrorism,social_revolutionist,31.0,True,8878
1901-1930,30,terrorism,socialist_revolutionary,351.0,True,8878
1901-1930,30,terrorism,assassination,172.0,True,8878
1901-1930,30,terrorist,night_rider,686.0,True,8878
1901-1930,31,terrorism,bulgar,7.0,True,9201
1901-1930,31,terrorism,social_revolutionist,2.0,True,9201
1901-1930,31,terrorism,socialist_revolutionary,38.0,True,9201
1901-1930,31,terrorism,assassination,72.0,True,9201
1901-1930,31,terrorist,night_rider,21.0,True,9201
1901-1930,32,terrorism,bulgar,143.0,True,8598
1901-1930,32,terrorism,social_revolutionist,27.0,True,8598
1901-1930,32,terrorism,socialist_revolutionary,661.0,True,8598
1901-1930,32,terrorism,assassination,1534.0,True,8598
1901-1930,32,terrorist,night_rider,17.0,True,8598
1901-1930,33,terrorism,bulgar,,True,9103
1901-1930,33,terrorism,social_revolutionist,73.0,True,9103
1901-1930,33,terrorism,socialist_revolutionary,360.0,True,9103
1901-1930,33,terrorism,assassination,628.0,True,9103
1901-1930,33,terrorist,night_rider,,True,9103
1901-1930,34,terrorism,bulgar,,True,9051
1901-1930,34,terrorism,social_revolutionist,17.0,True,9051
1901-1930,34,terrorism,socialist_revolutionary,69.0,True,9051
1901-1930,34,terrorism,assassination,1249.0,True,9051
1901-1930,34,terrorist,night_rider,55.0,True,9051
1901-1930,35,terrorism,bulgar,,True,8983
1901-1930,35,terrorism,social_revolutionist,23.0,True,8983
1901-1930,35,terrorism,socialist_revolutionary,138.0,True,8983
1901-1930,35,terrorism,assassination,703.0,True,8983
1901-1930,35,terrorist,night_rider,16.0,True,8983
1901-1930,36,terrorism,bulgar,,True,9071
1901-1930,36,terrorism,social_revolutionist,23.0,True,9071
1901-1930,36,terrorism,socialist_revolutionary,22.0,True,9071
1901-1930,36,terrorism,assassination,21.0,True,9071
1901-1930,36,terrorist,night_rider,,True,9071
1901-1930,37,terrorism,bulgar,7.0,True,8960
1901-1930,37,terrorism,social_revolutionist,202.0,True,8960
1901-1930,37,terrorism,socialist_revolutionary,1368.0,True,8960
1901-1930,37,terrorism,assassination,65.0,True,8960
1901-1930,37,terrorist,night_rider,40.0,True,8960
1901-1930,38,terrorism,bulgar,1.0,True,9013
1901-1930,38,terrorism,social_revolutionist,7.0,True,9013
1901-1930,38,terrorism,socialist_revolutionary,588.0,True,9013
1901-1930,38,terrorism,assassination,172.0,True,9013
1901-1930,38,terrorist,night_rider,,True,9013
1901-1930,39,terrorism,bulgar,,True,9026
1901-1930,39,terrorism,social_revolutionist,2289.0,True,9026
1901-1930,39,terrorism,socialist_revolutionary,66.0,True,9026
1901-1930,39,terrorism,assassination,1665.0,True,9026
1901-1930,39,terrorist,night_rider,,True,9026
1901-1930,40,terrorism,bulgar,3.0,True,8759
1901-1930,40,terrorism,social_revolutionist,40.0,True,8759
1901-1930,40,terrorism,socialist_revolutionary,792.0,True,8759
1901-1930,40,terrorism,assassination,315.0,True,8759
1901-1930,40,terrorist,night_rider,167.0,True,8759
1901-1930,41,terrorism,bulgar,,True,8630
1901-1930,41,terrorism,social_revolutionist,20.0,True,8630
1901-1930,41,terrorism,socialist_revolutionary,479.0,True,8630
1901-1930,41,terrorism,assassination,196.0,True,8630
1901-1930,41,terrorist,night_rider,66.0,True,8630
1901-1930,42,terrorism,bulgar,,True,8617
1901-1930,42,terrorism,social_revolutionist,14.0,True,8617
1901-1930,42,terrorism,socialist_revolutionary,254.0,True,8617
1901-1930,42,terrorism,assassination,159.0,True,8617
1901-1930,42,terrorist,night_rider,21.0,True,8617
1901-1930,43,terrorism,bulgar,75.0,True,8795
1901-1930,43,terrorism,social_revolutionist,225.0,True,8795
1901-1930,43,terrorism,socialist_revolutionary,174.0,True,8795
1901-1930,43,terrorism,assassination,313.0,True,8795
1901-1930,43,terrorist,night_rider,27.0,True,8795
1901-1930,44,terrorism,bulgar,2.0,True,8695
1901-1930,44,terrorism,social_revolutionist,62.0,True,8695
1901-1930,44,terrorism,socialist_revolutionary,103.0,True,8695
1901-1930,44,terrorism,assassination,304.0,True,8695
1901-1930,44,terrorist,night_rider,114.0,True,8695
1901-1930,45,terrorism,bulgar,,True,8925
1901-1930,45,terrorism,social_revolutionist,75.0,True,8925
1901-1930,45,terrorism,socialist_revolutionary,503.0,True,8925
1901-1930,45,terrorism,assassination,172.0,True,8925
1901-1930,45,terrorist,night_rider,17.0,True,8925
1901-1930,46,terrorism,bulgar,,True,9171
1901-1930,46,terrorism,social_revolutionist,23.0,True,9171
1901-1930,46,terrorism,socialist_revolutionary,69.0,True,9171
1901-1930,46,terrorism,assassination,337.0,True,9171
1901-1930,46,terrorist,night_rider,,True,9171
1901-1930,47,terrorism,bulgar,,True,8922
1901-1930,47,terrorism,social_revolutionist,159.0,True,8922
1901-1930,47,terrorism,socialist_revolutionary,29.0,True,8922
1901-1930,47,terrorism,assassination,292.0,True,8922
1901-1930,47,terrorist,night_rider,,True,8922
1901-1930,48,terrorism,bulgar,,True,8420
1901-1930,48,terrorism,social_revolutionist,111.0,True,8420
1901-1930,48,terrorism,socialist_revolutionary,41.0,True,8420
1901-1930,48,terrorism,assassination,332.0,True,8420
1901-1930,48,terrorist,night_rider,26.0,True,8420
1901-1930,49,terrorism,bulgar,,True,8745
1901-1930,49,terrorism,social_revolutionist,187.0,True,8745
1901-1930,49,terrorism,socialist_revolutionary,42.0,True,8745
1901-1930,49,terrorism,assassination,1368.0,True,8745
1901-1930,49,terrorist,night_rider,40.0,True,8745
1931-1950,0,terrorism,nazis,4.0,True,11846
1931-1950,0,terrorism,bombing,11.0,True,11846
1931-1950,0,terrorism,jews,6.0,True,11846
1931-1950,0,terrorism,reich,29.0,True,11846
1931-1950,0,terrorism,zionist,39.0,True,11846
1931-1950,0,terrorism,malaya,18.0,True,11846
1931-1950,0,terrorism,klan,15.0,True,11846
1931-1950,0,terrorism,holy_war,3030.0,True,11846
1931-1950,0,terrorism,bombay_india,7526.0,True,11846
1931-1950,1,terrorism,nazis,2.0,True,12050
1931-1950,1,terrorism,bombing,9.0,True,12050
1931-1950,1,terrorism,jews,30.0,True,12050
1931-1950,1,terrorism,reich,175.0,True,12050
1931-1950,1,terrorism,zionist,7.0,True,12050
1931-1950,1,terrorism,malaya,316.0,True,12050
1931-1950,1,terrorism,klan,63.0,True,12050
1931-1950,1,terrorism,holy_war,12.0,True,12050
1931-1950,1,terrorism,bombay_india,214.0,True,12050
1931-1950,2,terrorism,nazis,7.0,True,12003
1931-1950,2,terrorism,bombing,4.0,True,12003
1931-1950,2,terrorism,jews,40.0,True,12003
1931-1950,2,terrorism,reich,14.0,True,12003
1931-1950,2,terrorism,zionist,66.0,True,12003
1931-1950,2,terrorism,malaya,128.0,True,12003
1931-1950,2,terrorism,klan,100.0,True,12003
1931-1950,2,terrorism,holy_war,820.0,True,12003
1931-1950,2,terrorism,bombay_india,53.0,True,12003
1931-1950,3,terrorism,nazis,52.0,True,11895
1931-1950,3,terrorism,bombing,1.0,True,11895
1931-1950,3,terrorism,jews,12.0,True,11895
1931-1950,3,terrorism,reich,6.0,True,11895
1931-1950,3,terrorism,zionist,129.0,True,11895
1931-1950,3,terrorism,malaya,28.0,True,11895
1931-1950,3,terrorism,klan,1455.0,True,11895
1931-1950,3,terrorism,holy_war,593.0,True,11895
1931-1950,3,terrorism,bombay_india,,True,11895
1931-1950,4,terrorism,nazis,2.0,True,11958
1931-1950,4,terrorism,bombing,14.0,True,11958
1931-1950,4,terrorism,jews,4.0,True,11958
1931-1950,4,terrorism,reich,9.0,True,11958
1931-1950,4,terrorism,zionist,10.0,True,11958
1931-1950,4,terrorism,malaya,67.0,True,11958
1931-1950,4,terrorism,klan,230.0,True,11958
1931-1950,4,terrorism,holy_war,569.0,True,11958
1931-1950,4,terrorism,bombay_india,,True,11958
1931-1950,5,terrorism,nazis,2.0,True,11800
1931-1950,5,terrorism,bombing,17.0,True,11800
1931-1950,5,terrorism,jews,713.0,True,11800
1931-1950,5,terrorism,reich,13.0,True,11800
1931-1950,5,terrorism,zionist,2822.0,True,11800
1931-1950,5,terrorism,malaya,3.0,True,11800
1931-1950,5,terrorism,klan,62.0,True,11800
1931-1950,5,terrorism,holy_war,2095.0,True,11800
1931-1950,5,terrorism,bombay_india,,True,11800
1931-1950,6,terrorism,nazis,2.0,True,11852
1931-1950,6,terrorism,bombing,1.0,True,11852
1931-1950,6,terrorism,jews,6.0,True,11852
1931-1950,6,terrorism,reich,3.0,True,11852
1931-1950,6,terrorism,zionist,31.0,True,11852
1931-1950,6,terrorism,malaya,16.0,True,11852
1931-1950,6,terrorism,klan,150.0,True,11852
1931-1950,6,terrorism,holy_war,2241.0,True,11852
1931-1950,6,terrorism,bombay_india,376.0,True,11852
1931-1950,7,terrorism,nazis,1.0,True,11940
1931-1950,7,terrorism,bombing,2.0,True,11940
1931-1950,7,terrorism,jews,66.0,True,11940
1931-1950,7,terrorism,reich,15.0,True,11940
1931-1950,7,terrorism,zionist,221.0,True,11940
1931-1950,7,terrorism,malaya,9.0,True,11940
1931-1950,7,terrorism,klan,16.0,True,11940
1931-1950,7,terrorism,holy_war,596.0,True,11940
1931-1950,7,terrorism,bombay_india,,True,11940
1931-1950,8,terrorism,nazis,2.0,True,11754
1931-1950,8,terrorism,bombing,1.0,True,11754
1931-1950,8,terrorism,jews,9.0,True,11754
1931-1950,8,terrorism,reich,12.0,True,11754
1931-1950,8,terrorism,zionist,455.0,True,11754
1931-1950,8,terrorism,malaya,117.0,True,11754
1931-1950,8,terrorism,klan,167.0,True,11754
1931-1950,8,terrorism,holy_war,174.0,True,11754
1931-1950,8,terrorism,bombay_india,40.0,True,11754
1931-1950,9,terrorism,nazis,8.0,True,12067
1931-1950,9,terrorism,bombing,3.0,True,12067
1931-1950,9,terrorism,jews,5.0,True,12067
1931-1950,9,terrorism,reich,10.0,True,12067
1931-1950,9,terrorism,zionist,23.0,True,12067
1931-1950,9,terrorism,malaya,177.0,True,12067
1931-1950,9,terrorism,klan,67.0,True,12067
1931-1950,9,terrorism,holy_war,486.0,True,12067
1931-1950,9,terrorism,bombay_india,767.0,True,12067
1931-1950,10,terrorism,nazis,3.0,True,12021
1931-1950,10,terrorism,bombing,8.0,True,12021
1931-1950,10,terrorism,jews,2.0,True,12021
1931-1950,10,terrorism,reich,4.0,True,12021
1931-1950,10,terrorism,zionist,108.0,True,12021
1931-1950,10,terrorism,malaya,42.0,True,12021
1931-1950,10,terrorism,klan,219.0,True,12021
1931-1950,10,terrorism,holy_war,480.0,True,12021
1931-1950,10,terrorism,bombay_india,275.0,True,12021
1931-1950,11,terrorism,nazis,12.0,True,11881
1931-1950,11,terrorism,bombing,3.0,True,11881
1931-1950,11,terrorism,jews,8.0,True,11881
1931-1950,11,terrorism,reich,1.0,True,11881
1931-1950,11,terrorism,zionist,10.0,True,11881
1931-1950,11,terrorism,malaya,1319.0,True,11881
1931-1950,11,terrorism,klan,168.0,True,11881
1931-1950,11,terrorism,holy_war,61.0,True,11881
1931-1950,11,terrorism,bombay_india,,True,11881
1931-1950,12,terrorism,nazis,1.0,True,12211
1931-1950,12,terrorism,bombing,4.0,True,12211
1931-1950,12,terrorism,jews,17.0,True,12211
1931-1950,12,terrorism,reich,8.0,True,12211
1931-1950,12,terrorism,zionist,60.0,True,12211
1931-1950,12,terrorism,malaya,24.0,True,12211
1931-1950,12,terrorism,klan,80.0,True,12211
1931-1950,12,terrorism,holy_war,253.0,True,12211
1931-1950,12,terrorism,bombay_india,852.0,True,12211
1931-1950,13,terrorism,nazis,2.0,True,11629
1931-1950,13,terrorism,bombing,11.0,True,11629
1931-1950,13,terrorism,jews,402.0,True,11629
1931-1950,13,terrorism,reich,31.0,True,11629
1931-1950,13,terrorism,zionist,3319.0,True,11629
1931-1950,13,terrorism,malaya,197.0,True,11629
1931-1950,13,terrorism,klan,64.0,True,11629
1931-1950,13,terrorism,holy_war,144.0,True,11629
1931-1950,13,terrorism,bombay_india,,True,11629
1931-1950,14,terrorism,nazis,1.0,True,11731
1931-1950,14,terrorism,bombing,5.0,True,11731
1931-1950,14,terrorism,jews,13.0,True,11731
1931-1950,14,terrorism,reich,9.0,True,11731
1931-1950,14,terrorism,zionist,787.0,True,11731
1931-1950,14,terrorism,malaya,1889.0,True,11731
1931-1950,14,terrorism,klan,29.0,True,11731
1931-1950,14,terrorism,holy_war,1769.0,True,11731
1931-1950,14,terrorism,bombay_india,5415.0,True,11731
1931-1950,15,terrorism,nazis,2.0,True,11699
1931-1950,15,terrorism,bombing,3.0,True,11699
1931-1950,15,terrorism,jews,15.0,True,11699
1931-1950,15,terrorism,reich,143.0,True,11699
1931-1950,15,terrorism,zionist,185.0,True,11699
1931-1950,15,terrorism,malaya,140.0,True,11699
1931-1950,15,terrorism,klan,784.0,True,11699
1931-1950,15,terrorism,holy_war,1603.0,True,11699
1931-1950,15,terrorism,bombay_india,112.0,True,11699
1931-1950,16,terrorism,nazis,7.0,True,11942
1931-1950,16,terrorism,bombing,2.0,True,11942
1931-1950,16,terrorism,jews,3.0,True,11942
1931-1950,16,terrorism,reich,39.0,True,11942
1931-1950,16,terrorism,zionist,5.0,True,11942
1931-1950,16,terrorism,malaya,107.0,True,11942
1931-1950,16,terrorism,klan,222.0,True,11942
1931-1950,16,terrorism,holy_war,,True,11942
1931-1950,16,terrorism,bombay_india,22.0,True,11942
1931-1950,17,terrorism,nazis,1.0,True,11979
1931-1950,17,terrorism,bombing,5.0,True,11979
1931-1950,17,terrorism,jews,4.0,True,11979
1931-1950,17,terrorism,reich,3.0,True,11979
1931-1950,17,terrorism,zionist,15.0,True,11979
1931-1950,17,terrorism,malaya,90.0,True,11979
1931-1950,17,terrorism,klan,29.0,True,11979
1931-1950,17,terrorism,holy_war,26.0,True,11979
1931-1950,17,terrorism,bombay_india,763.0,True,11979
1931-1950,18,terrorism,nazis,5.0,True,11950
1931-1950,18,terrorism,bombing,4.0,True,11950
1931-1950,18,terrorism,jews,2.0,True,11950
1931-1950,18,terrorism,reich,6.0,True,11950
1931-1950,18,terrorism,zionist,221.0,True,11950
1931-1950,18,terrorism,malaya,66.0,True,11950
1931-1950,18,terrorism,klan,52.0,True,11950
1931-1950,18,terrorism,holy_war,22.0,True,11950
1931-1950,18,terrorism,bombay_india,373.0,True,11950
1931-1950,19,terrorism,nazis,1.0,True,11874
1931-1950,19,terrorism,bombing,3.0,True,11874
1931-1950,19,terrorism,jews,78.0,True,11874
1931-1950,19,terrorism,reich,592.0,True,11874
1931-1950,19,terrorism,zionist,59.0,True,11874
1931-1950,19,terrorism,malaya,17.0,True,11874
1931-1950,19,terrorism,klan,216.0,True,11874
1931-1950,19,terrorism,holy_war,118.0,True,11874
1931-1950,19,terrorism,bombay_india,,True,11874
1931-1950,20,terrorism,nazis,19.0,True,11767
1931-1950,20,terrorism,bombing,2.0,True,11767
1931-1950,20,terrorism,jews,10.0,True,11767
1931-1950,20,terrorism,reich,4.0,True,11767
1931-1950,20,terrorism,zionist,12.0,True,11767
1931-1950,20,terrorism,malaya,183.0,True,11767
1931-1950,20,terrorism,klan,27.0,True,11767
1931-1950,20,terrorism,holy_war,69.0,True,11767
1931-1950,20,terrorism,bombay_india,111.0,True,11767
1931-1950,21,terrorism,nazis,4.0,True,12056
1931-1950,21,terrorism,bombing,28.0,True,12056
1931-1950,21,terrorism,jews,2.0,True,12056
1931-1950,21,terrorism,reich,10.0,True,12056
1931-1950,21,terrorism,zionist,17.0,True,12056
1931-1950,21,terrorism,malaya,277.0,True,12056
1931-1950,21,terrorism,klan,76.0,True,12056
1931-1950,21,terrorism,holy_war,36.0,True,12056
1931-1950,21,terrorism,bombay_india,,True,12056
1931-1950,22,terrorism,nazis,1.0,True,11625
1931-1950,22,terrorism,bombing,15.0,True,11625
1931-1950,22,terrorism,jews,114.0,True,11625
1931-1950,22,terrorism,reich,4.0,True,11625
1931-1950,22,terrorism,zionist,439.0,True,11625
1931-1950,22,terrorism,malaya,1478.0,True,11625
1931-1950,22,terrorism,klan,190.0,True,11625
1931-1950,22,terrorism,holy_war,123.0,True,11625
1931-1950,22,terrorism,bombay_india,,True,11625
1931-1950,23,terrorism,nazis,2.0,True,11699
1931-1950,23,terrorism,bombing,1.0,True,11699
1931-1950,23,terrorism,jews,6.0,True,11699
1931-1950,23,terrorism,reich,5.0,True,11699
1931-1950,23,terrorism,zionist,57.0,True,11699
1931-1950,23,terrorism,malaya,801.0,True,11699
1931-1950,23,terrorism,klan,72.0,True,11699
1931-1950,23,terrorism,holy_war,246.0,True,11699
1931-1950,23,terrorism,bombay_india,102.0,True,11699
1931-1950,24,terrorism,nazis,2.0,True,11810
1931-1950,24,terrorism,bombing,42.0,True,11810
1931-1950,24,terrorism,jews,16.0,True,11810
1931-1950,24,terrorism,reich,41.0,True,11810
1931-1950,24,terrorism,zionist,140.0,True,11810
1931-1950,24,terrorism,malaya,175.0,True,11810
1931-1950,24,terrorism,klan,23.0,True,11810
1931-1950,24,terrorism,holy_war,496.0,True,11810
1931-1950,24,terrorism,bombay_india,,True,11810
1931-1950,25,terrorism,nazis,5.0,True,11672
1931-1950,25,terrorism,bombing,1.0,True,11672
1931-1950,25,terrorism,jews,23.0,True,11672
1931-1950,25,terrorism,reich,2.0,True,11672
1931-1950,25,terrorism,zionist,76.0,True,11672
1931-1950,25,terrorism,malaya,153.0,True,11672
1931-1950,25,terrorism,klan,220.0,True,11672
1931-1950,25,terrorism,holy_war,101.0,True,11672
1931-1950,25,terrorism,bombay_india,,True,11672
1931-1950,26,terrorism,nazis,2.0,True,12117
1931-1950,26,terrorism,bombing,9.0,True,12117
1931-1950,26,terrorism,jews,4.0,True,12117
1931-1950,26,terrorism,reich,18.0,True,12117
1931-1950,26,terrorism,zionist,31.0,True,12117
1931-1950,26,terrorism,malaya,23.0,True,12117
1931-1950,26,terrorism,klan,64.0,True,12117
1931-1950,26,terrorism,holy_war,1019.0,True,12117
1931-1950,26,terrorism,bombay_india,1020.0,True,12117
1931-1950,27,terrorism,nazis,12.0,True,11842
1931-1950,27,terrorism,bombing,2.0,True,11842
1931-1950,27,terrorism,jews,7.0,True,11842
1931-1950,27,terrorism,reich,17.0,True,11842
1931-1950,27,terrorism,zionist,86.0,True,11842
1931-1950,27,terrorism,malaya,21.0,True,11842
1931-1950,27,terrorism,klan,30.0,True,11842
1931-1950,27,terrorism,holy_war,1575.0,True,11842
1931-1950,27,terrorism,bombay_india,1292.0,True,11842
1931-1950,28,terrorism,nazis,1.0,True,11566
1931-1950,28,terrorism,bombing,3.0,True,11566
1931-1950,28,terrorism,jews,13.0,True,11566
1931-1950,28,terrorism,reich,18.0,True,11566
1931-1950,28,terrorism,zionist,92.0,True,11566
1931-1950,28,terrorism,malaya,38.0,True,11566
1931-1950,28,terrorism,klan,551.0,True,11566
1931-1950,28,terrorism,holy_war,28.0,True,11566
1931-1950,28,terrorism,bombay_india,,True,11566
1931-1950,29,terrorism,nazis,13.0,True,11608
1931-1950,29,terrorism,bombing,2.0,True,11608
1931-1950,29,terrorism,jews,7.0,True,11608
1931-1950,29,terrorism,reich,6.0,True,11608
1931-1950,29,terrorism,zionist,36.0,True,11608
1931-1950,29,terrorism,malaya,23.0,True,11608
1931-1950,29,terrorism,klan,16.0,True,11608
1931-1950,29,terrorism,holy_war,12.0,True,11608
1931-1950,29,terrorism,bombay_india,305.0,True,11608
1931-1950,30,terrorism,nazis,1.0,True,11605
1931-1950,30,terrorism,bombing,3.0,True,11605
1931-1950,30,terrorism,jews,2.0,True,11605
1931-1950,30,terrorism,reich,6.0,True,11605
1931-1950,30,terrorism,zionist,13.0,True,11605
1931-1950,30,terrorism,malaya,12.0,True,11605
1931-1950,30,terrorism,klan,40.0,True,11605
1931-1950,30,terrorism,holy_war,336.0,True,11605
1931-1950,30,terrorism,bombay_india,,True,11605
1931-1950,31,terrorism,nazis,3.0,True,11742
1931-1950,31,terrorism,bombing,2.0,True,11742
1931-1950,31,terrorism,jews,316.0,True,11742
1931-1950,31,terrorism,reich,50.0,True,11742
1931-1950,31,terrorism,zionist,1943.0,True,11742
1931-1950,31,terrorism,malaya,,True,11742
1931-1950,31,terrorism,klan,36.0,True,11742
1931-1950,31,terrorism,holy_war,1909.0,True,11742
1931-1950,31,terrorism,bombay_india,,True,11742
1931-1950,32,terrorism,nazis,1.0,True,11826
1931-1950,32,terrorism,bombing,8.0,True,11826
1931-1950,32,terrorism,jews,4.0,True,11826
1931-1950,32,terrorism,reich,22.0,True,11826
1931-1950,32,terrorism,zionist,66.0,True,11826
1931-1950,32,terrorism,malaya,3.0,True,11826
1931-1950,32,terrorism,klan,326.0,True,11826
1931-1950,32,terrorism,holy_war,115.0,True,11826
1931-1950,32,terrorism,bombay_india,3435.0,True,11826
1931-1950,33,terrorism,nazis,12.0,True,11844
1931-1950,33,terrorism,bombing,13.0,True,11844
1931-1950,33,terrorism,jews,1.0,True,11844
1931-1950,33,terrorism,reich,2.0,True,11844
1931-1950,33,terrorism,zionist,167.0,True,11844
1931-1950,33,terrorism,malaya,1079.0,True,11844
1931-1950,33,terrorism,klan,54.0,True,11844
1931-1950,33,terrorism,holy_war,60.0,True,11844
1931-1950,33,terrorism,bombay_india,2650.0,True,11844
1931-1950,34,terrorism,nazis,4.0,True,12122
1931-1950,34,terrorism,bombing,1.0,True,12122
1931-1950,34,terrorism,jews,68.0,True,12122
1931-1950,34,terrorism,reich,17.0,True,12122
1931-1950,34,terrorism,zionist,169.0,True,12122
1931-1950,34,terrorism,malaya,9.0,True,12122
1931-1950,34,terrorism,klan,41.0,True,12122
1931-1950,34,terrorism,holy_war,358.0,True,12122
1931-1950,34,terrorism,bombay_india,,True,12122
1931-1950,35,terrorism,nazis,4.0,True,11460
1931-1950,35,terrorism,bombing,1.0,True,11460
1931-1950,35,terrorism,jews,7.0,True,11460
1931-1950,35,terrorism,reich,10.0,True,11460
1931-1950,35,terrorism,zionist,27.0,True,11460
1931-1950,35,terrorism,malaya,573.0,True,11460
1931-1950,35,terrorism,klan,962.0,True,11460
1931-1950,35,terrorism,holy_war,1461.0,True,11460
1931-1950,35,terrorism,bombay_india,81.0,True,11460
1931-1950,36,terrorism,nazis,1.0,True,11910
1931-1950,36,terrorism,bombing,26.0,True,11910
1931-1950,36,terrorism,jews,39.0,True,11910
1931-1950,36,terrorism,reich,8.0,True,11910
1931-1950,36,terrorism,zionist,22.0,True,11910
1931-1950,36,terrorism,malaya,38.0,True,11910
1931-1950,36,terrorism,klan,16.0,True,11910
1931-1950,36,terrorism,holy_war,176.0,True,11910
1931-1950,36,terrorism,bombay_india,184.0,True,11910
1931-1950,37,terrorism,nazis,3.0,True,12005
1931-1950,37,terrorism,bombing,50.0,True,12005
1931-1950,37,terrorism,jews,1.0,True,12005
1931-1950,37,terrorism,reich,32.0,True,12005
1931-1950,37,terrorism,zionist,12.0,True,12005
1931-1950,37,terrorism,malaya,59.0,True,12005
1931-1950,37,terrorism,klan,334.0,True,12005
1931-1950,37,terrorism,holy_war,805.0,True,12005
1931-1950,37,terrorism,bombay_india,,True,12005
1931-1950,38,terrorism,nazis,4.0,True,12009
1931-1950,38,terrorism,bombing,3.0,True,12009
1931-1950,38,terrorism,jews,7.0,True,12009
1931-1950,38,terrorism,reich,15.0,True,12009
1931-1950,38,terrorism,zionist,203.0,True,12009
1931-1950,38,terrorism,malaya,23.0,True,12009
1931-1950,38,terrorism,klan,112.0,True,12009
1931-1950,38,terrorism,holy_war,400.0,True,12009
1931-1950,38,terrorism,bombay_india,2184.0,True,12009
1931-1950,39,terrorism,nazis,14.0,True,11846
1931-1950,39,terrorism,bombing,1.0,True,11846
1931-1950,39,terrorism,jews,10.0,True,11846
1931-1950,39,terrorism,reich,4.0,True,11846
1931-1950,39,terrorism,zionist,148.0,True,11846
1931-1950,39,terrorism,malaya,65.0,True,11846
1931-1950,39,terrorism,klan,63.0,True,11846
1931-1950,39,terrorism,holy_war,782.0,True,11846
1931-1950,39,terrorism,bombay_india,268.0,True,11846
1931-1950,40,terrorism,nazis,37.0,True,11778
1931-1950,40,terrorism,bombing,2.0,True,11778
1931-1950,40,terrorism,jews,1.0,True,11778
1931-1950,40,terrorism,reich,3.0,True,11778
1931-1950,40,terrorism,zionist,44.0,True,11778
1931-1950,40,terrorism,malaya,577.0,True,11778
1931-1950,40,terrorism,klan,33.0,True,11778
1931-1950,40,terrorism,holy_war,1028.0,True,11778
1931-1950,40,terrorism,bombay_india,,True,11778
1931-1950,41,terrorism,nazis,1.0,True,11720
1931-1950,41,terrorism,bombing,2.0,True,11720
1931-1950,41,terrorism,jews,4.0,True,11720
1931-1950,41,terrorism,reich,48.0,True,11720
1931-1950,41,terrorism,zionist,136.0,True,11720
1931-1950,41,terrorism,malaya,511.0,True,11720
1931-1950,41,terrorism,klan,349.0,True,11720
1931-1950,41,terrorism,holy_war,223.0,True,11720
1931-1950,41,terrorism,bombay_india,,True,11720
1931-1950,42,terrorism,nazis,3.0,True,11746
1931-1950,42,terrorism,bombing,31.0,True,11746
1931-1950,42,terrorism,jews,5.0,True,11746
1931-1950,42,terrorism,reich,1.0,True,11746
1931-1950,42,terrorism,zionist,231.0,True,11746
1931-1950,42,terrorism,malaya,437.0,True,11746
1931-1950,42,terrorism,klan,283.0,True,11746
1931-1950,42,terrorism,holy_war,1273.0,True,11746
1931-1950,42,terrorism,bombay_india,1215.0,True,11746
1931-1950,43,terrorism,nazis,6.0,True,12154
1931-1950,43,terrorism,bombing,1.0,True,12154
1931-1950,43,terrorism,jews,2.0,True,12154
1931-1950,43,terrorism,reich,57.0,True,12154
1931-1950,43,terrorism,zionist,26.0,True,12154
1931-1950,43,terrorism,malaya,287.0,True,12154
1931-1950,43,terrorism,klan,123.0,True,12154
1931-1950,43,terrorism,holy_war,310.0,True,12154
1931-1950,43,terrorism,bombay_india,8.0,True,12154
1931-1950,44,terrorism,nazis,4.0,True,11900
1931-1950,44,terrorism,bombing,5.0,True,11900
1931-1950,44,terrorism,jews,10.0,True,11900
1931-1950,44,terrorism,reich,3.0,True,11900
1931-1950,44,terrorism,zionist,12.0,True,11900
1931-1950,44,terrorism,malaya,936.0,True,11900
1931-1950,44,terrorism,klan,38.0,True,11900
1931-1950,44,terrorism,holy_war,45.0,True,11900
1931-1950,44,terrorism,bombay_india,502.0,True,11900
1931-1950,45,terrorism,nazis,2.0,True,11954
1931-1950,45,terrorism,bombing,1.0,True,11954
1931-1950,45,terrorism,jews,21.0,True,11954
1931-1950,45,terrorism,reich,10.0,True,11954
1931-1950,45,terrorism,zionist,5.0,True,11954
1931-1950,45,terrorism,malaya,566.0,True,11954
1931-1950,45,terrorism,klan,178.0,True,11954
1931-1950,45,terrorism,holy_war,1107.0,True,11954
1931-1950,45,terrorism,bombay_india,,True,11954
1931-1950,46,terrorism,nazis,3.0,True,11989
1931-1950,46,terrorism,bombing,2.0,True,11989
1931-1950,46,terrorism,jews,10.0,True,11989
1931-1950,46,terrorism,reich,6.0,True,11989
1931-1950,46,terrorism,zionist,110.0,True,11989
1931-1950,46,terrorism,malaya,53.0,True,11989
1931-1950,46,terrorism,klan,762.0,True,11989
1931-1950,46,terrorism,holy_war,519.0,True,11989
1931-1950,46,terrorism,bombay_india,,True,11989
1931-1950,47,terrorism,nazis,3.0,True,11992
1931-1950,47,terrorism,bombing,2.0,True,11992
1931-1950,47,terrorism,jews,11.0,True,11992
1931-1950,47,terrorism,reich,4.0,True,11992
1931-1950,47,terrorism,zionist,13.0,True,11992
1931-1950,47,terrorism,malaya,418.0,True,11992
1931-1950,47,terrorism,klan,152.0,True,11992
1931-1950,47,terrorism,holy_war,30.0,True,11992
1931-1950,47,terrorism,bombay_india,,True,11992
1931-1950,48,terrorism,nazis,73.0,True,12089
1931-1950,48,terrorism,bombing,2.0,True,12089
1931-1950,48,terrorism,jews,12.0,True,12089
1931-1950,48,terrorism,reich,39.0,True,12089
1931-1950,48,terrorism,zionist,58.0,True,12089
1931-1950,48,terrorism,malaya,313.0,True,12089
1931-1950,48,terrorism,klan,30.0,True,12089
1931-1950,48,terrorism,holy_war,210.0,True,12089
1931-1950,48,terrorism,bombay_india,,True,12089
1931-1950,49,terrorism,nazis,3.0,True,11741
1931-1950,49,terrorism,bombing,82.0,True,11741
1931-1950,49,terrorism,jews,8.0,True,11741
1931-1950,49,terrorism,reich,56.0,True,11741
1931-1950,49,terrorism,zionist,71.0,True,11741
1931-1950,49,terrorism,malaya,111.0,True,11741
1931-1950,49,terrorism,klan,294.0,True,11741
1931-1950,49,terrorism,holy_war,9.0,True,11741
1931-1950,49,terrorism,bombay_india,12.0,True,11741
1951-1960,0,terrorism,kill_injure,124.0,True,6675
1951-1960,0,terrorism,slay,455.0,True,6675
1951-1960,0,terrorism,cameroon,252.0,True,6675
1951-1960,0,terrorism,north_africans,101.0,True,6675
1951-1960,0,terrorism,mau_mau,140.0,True,6675
1951-1960,0,terrorism,counterterrorist,68.0,True,6675
1951-1960,0,terrorism,antiterrorist_drive,,True,6675
1951-1960,0,terrorism,jakarta_indonesia,,True,6675
1951-1960,0,terrorist,south_vietnam,118.0,True,6675
1951-1960,1,terrorism,kill_injure,158.0,True,6425
1951-1960,1,terrorism,slay,65.0,True,6425
1951-1960,1,terrorism,cameroon,75.0,True,6425
1951-1960,1,terrorism,north_africans,53.0,True,6425
1951-1960,1,terrorism,mau_mau,17.0,True,6425
1951-1960,1,terrorism,counterterrorist,656.0,True,6425
1951-1960,1,terrorism,antiterrorist_drive,,True,6425
1951-1960,1,terrorism,jakarta_indonesia,543.0,True,6425
1951-1960,1,terrorist,south_vietnam,1604.0,True,6425
1951-1960,2,terrorism,kill_injure,191.0,True,6502
1951-1960,2,terrorism,slay,18.0,True,6502
1951-1960,2,terrorism,cameroon,2832.0,True,6502
1951-1960,2,terrorism,north_africans,274.0,True,6502
1951-1960,2,terrorism,mau_mau,197.0,True,6502
1951-1960,2,terrorism,counterterrorist,538.0,True,6502
1951-1960,2,terrorism,antiterrorist_drive,,True,6502
1951-1960,2,terrorism,jakarta_indonesia,65.0,True,6502
1951-1960,2,terrorist,south_vietnam,1455.0,True,6502
1951-1960,3,terrorism,kill_injure,35.0,True,6564
1951-1960,3,terrorism,slay,8.0,True,6564
1951-1960,3,terrorism,cameroon,4.0,True,6564
1951-1960,3,terrorism,north_africans,124.0,True,6564
1951-1960,3,terrorism,mau_mau,50.0,True,6564
1951-1960,3,terrorism,counterterrorist,848.0,True,6564
1951-1960,3,terrorism,antiterrorist_drive,681.0,True,6564
1951-1960,3,terrorism,jakarta_indonesia,362.0,True,6564
1951-1960,3,terrorist,south_vietnam,373.0,True,6564
1951-1960,4,terrorism,kill_injure,405.0,True,6648
1951-1960,4,terrorism,slay,2.0,True,6648
1951-1960,4,terrorism,cameroon,104.0,True,6648
1951-1960,4,terrorism,north_africans,350.0,True,6648
1951-1960,4,terrorism,mau_mau,37.0,True,6648
1951-1960,4,terrorism,counterterrorist,76.0,True,6648
1951-1960,4,terrorism,antiterrorist_drive,130.0,True,6648
1951-1960,4,terrorism,jakarta_indonesia,374.0,True,6648
1951-1960,4,terrorist,south_vietnam,186.0,True,6648
1951-1960,5,terrorism,kill_injure,492.0,True,6711
1951-1960,5,terrorism,slay,315.0,True,6711
1951-1960,5,terrorism,cameroon,302.0,True,6711
1951-1960,5,terrorism,north_africans,1055.0,True,6711
1951-1960,5,terrorism,mau_mau,4.0,True,6711
1951-1960,5,terrorism,counterterrorist,,True,6711
1951-1960,5,terrorism,antiterrorist_drive,213.0,True,6711
1951-1960,5,terrorism,jakarta_indonesia,234.0,True,6711
1951-1960,5,terrorist,south_vietnam,684.0,True,6711
1951-1960,6,terrorism,kill_injure,529.0,True,6340
1951-1960,6,terrorism,slay,3.0,True,6340
1951-1960,6,terrorism,cameroon,536.0,True,6340
1951-1960,6,terrorism,north_africans,896.0,True,6340
1951-1960,6,terrorism,mau_mau,16.0,True,6340
1951-1960,6,terrorism,counterterrorist,,True,6340
1951-1960,6,terrorism,antiterrorist_drive,,True,6340
1951-1960,6,terrorism,jakarta_indonesia,,True,6340
1951-1960,6,terrorist,south_vietnam,10.0,True,6340
1951-1960,7,terrorism,kill_injure,241.0,True,6262
1951-1960,7,terrorism,slay,9.0,True,6262
1951-1960,7,terrorism,cameroon,84.0,True,6262
1951-1960,7,terrorism,north_africans,352.0,True,6262
1951-1960,7,terrorism,mau_mau,219.0,True,6262
1951-1960,7,terrorism,counterterrorist,98.0,True,6262
1951-1960,7,terrorism,antiterrorist_drive,76.0,True,6262
1951-1960,7,terrorism,jakarta_indonesia,206.0,True,6262
1951-1960,7,terrorist,south_vietnam,314.0,True,6262
1951-1960,8,terrorism,kill_injure,53.0,True,6444
1951-1960,8,terrorism,slay,586.0,True,6444
1951-1960,8,terrorism,cameroon,624.0,True,6444
1951-1960,8,terrorism,north_africans,17.0,True,6444
1951-1960,8,terrorism,mau_mau,144.0,True,6444
1951-1960,8,terrorism,counterterrorist,18.0,True,6444
1951-1960,8,terrorism,antiterrorist_drive,119.0,True,6444
1951-1960,8,terrorism,jakarta_indonesia,36.0,True,6444
1951-1960,8,terrorist,south_vietnam,139.0,True,6444
1951-1960,9,terrorism,kill_injure,22.0,True,6810
1951-1960,9,terrorism,slay,5.0,True,6810
1951-1960,9,terrorism,cameroon,350.0,True,6810
1951-1960,9,terrorism,north_africans,193.0,True,6810
1951-1960,9,terrorism,mau_mau,961.0,True,6810
1951-1960,9,terrorism,counterterrorist,512.0,True,6810
1951-1960,9,terrorism,antiterrorist_drive,,True,6810
1951-1960,9,terrorism,jakarta_indonesia,52.0,True,6810
1951-1960,9,terrorist,south_vietnam,4008.0,True,6810
1951-1960,10,terrorism,kill_injure,5.0,True,6417
1951-1960,10,terrorism,slay,242.0,True,6417
1951-1960,10,terrorism,cameroon,127.0,True,6417
1951-1960,10,terrorism,north_africans,375.0,True,6417
1951-1960,10,terrorism,mau_mau,2.0,True,6417
1951-1960,10,terrorism,counterterrorist,336.0,True,6417
1951-1960,10,terrorism,antiterrorist_drive,123.0,True,6417
1951-1960,10,terrorism,jakarta_indonesia,710.0,True,6417
1951-1960,10,terrorist,south_vietnam,335.0,True,6417
1951-1960,11,terrorism,kill_injure,47.0,True,6633
1951-1960,11,terrorism,slay,9.0,True,6633
1951-1960,11,terrorism,cameroon,70.0,True,6633
1951-1960,11,terrorism,north_africans,125.0,True,6633
1951-1960,11,terrorism,mau_mau,41.0,True,6633
1951-1960,11,terrorism,counterterrorist,218.0,True,6633
1951-1960,11,terrorism,antiterrorist_drive,46.0,True,6633
1951-1960,11,terrorism,jakarta_indonesia,,True,6633
1951-1960,11,terrorist,south_vietnam,422.0,True,6633
1951-1960,12,terrorism,kill_injure,4.0,True,6350
1951-1960,12,terrorism,slay,2.0,True,6350
1951-1960,12,terrorism,cameroon,5.0,True,6350
1951-1960,12,terrorism,north_africans,8.0,True,6350
1951-1960,12,terrorism,mau_mau,99.0,True,6350
1951-1960,12,terrorism,counterterrorist,27.0,True,6350
1951-1960,12,terrorism,antiterrorist_drive,,True,6350
1951-1960,12,terrorism,jakarta_indonesia,128.0,True,6350
1951-1960,12,terrorist,south_vietnam,195.0,True,6350
1951-1960,13,terrorism,kill_injure,11.0,True,6596
1951-1960,13,terrorism,slay,160.0,True,6596
1951-1960,13,terrorism,cameroon,176.0,True,6596
1951-1960,13,terrorism,north_africans,21.0,True,6596
1951-1960,13,terrorism,mau_mau,24.0,True,6596
1951-1960,13,terrorism,counterterrorist,,True,6596
1951-1960,13,terrorism,antiterrorist_drive,25.0,True,6596
1951-1960,13,terrorism,jakarta_indonesia,409.0,True,6596
1951-1960,13,terrorist,south_vietnam,991.0,True,6596
1951-1960,14,terrorism,kill_injure,138.0,True,6650
1951-1960,14,terrorism,slay,14.0,True,6650
1951-1960,14,terrorism,cameroon,,True,6650
1951-1960,14,terrorism,north_africans,67.0,True,6650
1951-1960,14,terrorism,mau_mau,34.0,True,6650
1951-1960,14,terrorism,counterterrorist,,True,6650
1951-1960,14,terrorism,antiterrorist_drive,1866.0,True,6650
1951-1960,14,terrorism,jakarta_indonesia,1513.0,True,6650
1951-1960,14,terrorist,south_vietnam,56.0,True,6650
1951-1960,15,terrorism,kill_injure,8.0,True,6381
1951-1960,15,terrorism,slay,2.0,True,6381
1951-1960,15,terrorism,cameroon,4.0,True,6381
1951-1960,15,terrorism,north_africans,11.0,True,6381
1951-1960,15,terrorism,mau_mau,35.0,True,6381
1951-1960,15,terrorism,counterterrorist,247.0,True,6381
1951-1960,15,terrorism,antiterrorist_drive,877.0,True,6381
1951-1960,15,terrorism,jakarta_indonesia,31.0,True,6381
1951-1960,15,terrorist,south_vietnam,25.0,True,6381
1951-1960,16,terrorism,kill_injure,5.0,True,6426
1951-1960,16,terrorism,slay,232.0,True,6426
1951-1960,16,terrorism,cameroon,22.0,True,6426
1951-1960,16,terrorism,north_africans,59.0,True,6426
1951-1960,16,terrorism,mau_mau,1617.0,True,6426
1951-1960,16,terrorism,counterterrorist,359.0,True,6426
1951-1960,16,terrorism,antiterrorist_drive,1001.0,True,6426
1951-1960,16,terrorism,jakarta_indonesia,89.0,True,6426
1951-1960,16,terrorist,south_vietnam,9.0,True,6426
1951-1960,17,terrorism,kill_injure,,True,6543
1951-1960,17,terrorism,slay,46.0,True,6543
1951-1960,17,terrorism,cameroon,343.0,True,6543
1951-1960,17,terrorism,north_africans,242.0,True,6543
1951-1960,17,terrorism,mau_mau,287.0,True,6543
1951-1960,17,terrorism,counterterrorist,737.0,True,6543
1951-1960,17,terrorism,antiterrorist_drive,149.0,True,6543
1951-1960,17,terrorism,jakarta_indonesia,506.0,True,6543
1951-1960,17,terrorist,south_vietnam,747.0,True,6543
1951-1960,18,terrorism,kill_injure,13.0,True,6351
1951-1960,18,terrorism,slay,88.0,True,6351
1951-1960,18,terrorism,cameroon,11.0,True,6351
1951-1960,18,terrorism,north_africans,557.0,True,6351
1951-1960,18,terrorism,mau_mau,698.0,True,6351
1951-1960,18,terrorism,counterterrorist,,True,6351
1951-1960,18,terrorism,antiterrorist_drive,199.0,True,6351
1951-1960,18,terrorism,jakarta_indonesia,140.0,True,6351
1951-1960,18,terrorist,south_vietnam,227.0,True,6351
1951-1960,19,terrorism,kill_injure,78.0,True,6477
1951-1960,19,terrorism,slay,14.0,True,6477
1951-1960,19,terrorism,cameroon,283.0,True,6477
1951-1960,19,terrorism,north_africans,465.0,True,6477
1951-1960,19,terrorism,mau_mau,2.0,True,6477
1951-1960,19,terrorism,counterterrorist,,True,6477
1951-1960,19,terrorism,antiterrorist_drive,15.0,True,6477
1951-1960,19,terrorism,jakarta_indonesia,685.0,True,6477
1951-1960,19,terrorist,south_vietnam,13.0,True,6477
1951-1960,20,terrorism,kill_injure,161.0,True,6456
1951-1960,20,terrorism,slay,384.0,True,6456
1951-1960,20,terrorism,cameroon,274.0,True,6456
1951-1960,20,terrorism,north_africans,995.0,True,6456
1951-1960,20,terrorism,mau_mau,350.0,True,6456
1951-1960,20,terrorism,counterterrorist,,True,6456
1951-1960,20,terrorism,antiterrorist_drive,1014.0,True,6456
1951-1960,20,terrorism,jakarta_indonesia,223.0,True,6456
1951-1960,20,terrorist,south_vietnam,1876.0,True,6456
1951-1960,21,terrorism,kill_injure,606.0,True,6668
1951-1960,21,terrorism,slay,272.0,True,6668
1951-1960,21,terrorism,cameroon,297.0,True,6668
1951-1960,21,terrorism,north_africans,1039.0,True,6668
1951-1960,21,terrorism,mau_mau,277.0,True,6668
1951-1960,21,terrorism,counterterrorist,208.0,True,6668
1951-1960,21,terrorism,antiterrorist_drive,2367.0,True,6668
1951-1960,21,terrorism,jakarta_indonesia,170.0,True,6668
1951-1960,21,terrorist,south_vietnam,370.0,True,6668
1951-1960,22,terrorism,kill_injure,2.0,True,6197
1951-1960,22,terrorism,slay,3.0,True,6197
1951-1960,22,terrorism,cameroon,14.0,True,6197
1951-1960,22,terrorism,north_africans,215.0,True,6197
1951-1960,22,terrorism,mau_mau,1181.0,True,6197
1951-1960,22,terrorism,counterterrorist,80.0,True,6197
1951-1960,22,terrorism,antiterrorist_drive,,True,6197
1951-1960,22,terrorism,jakarta_indonesia,19.0,True,6197
1951-1960,22,terrorist,south_vietnam,1086.0,True,6197
1951-1960,23,terrorism,kill_injure,371.0,True,6589
1951-1960,23,terrorism,slay,505.0,True,6589
1951-1960,23,terrorism,cameroon,,True,6589
1951-1960,23,terrorism,north_africans,2005.0,True,6589
1951-1960,23,terrorism,mau_mau,218.0,True,6589
1951-1960,23,terrorism,counterterrorist,1241.0,True,6589
1951-1960,23,terrorism,antiterrorist_drive,,True,6589
1951-1960,23,terrorism,jakarta_indonesia,325.0,True,6589
1951-1960,23,terrorist,south_vietnam,303.0,True,6589
1951-1960,24,terrorism,kill_injure,128.0,True,6541
1951-1960,24,terrorism,slay,300.0,True,6541
1951-1960,24,terrorism,cameroon,928.0,True,6541
1951-1960,24,terrorism,north_africans,272.0,True,6541
1951-1960,24,terrorism,mau_mau,751.0,True,6541
1951-1960,24,terrorism,counterterrorist,602.0,True,6541
1951-1960,24,terrorism,antiterrorist_drive,,True,6541
1951-1960,24,terrorism,jakarta_indonesia,593.0,True,6541
1951-1960,24,terrorist,south_vietnam,710.0,True,6541
1951-1960,25,terrorism,kill_injure,12.0,True,6599
1951-1960,25,terrorism,slay,27.0,True,6599
1951-1960,25,terrorism,cameroon,57.0,True,6599
1951-1960,25,terrorism,north_africans,67.0,True,6599
1951-1960,25,terrorism,mau_mau,145.0,True,6599
1951-1960,25,terrorism,counterterrorist,,True,6599
1951-1960,25,terrorism,antiterrorist_drive,,True,6599
1951-1960,25,terrorism,jakarta_indonesia,13.0,True,6599
1951-1960,25,terrorist,south_vietnam,118.0,True,6599
1951-1960,26,terrorism,kill_injure,317.0,True,6475
1951-1960,26,terrorism,slay,28.0,True,6475
1951-1960,26,terrorism,cameroon,17.0,True,6475
1951-1960,26,terrorism,north_africans,327.0,True,6475
1951-1960,26,terrorism,mau_mau,42.0,True,6475
1951-1960,26,terrorism,counterterrorist,,True,6475
1951-1960,26,terrorism,antiterrorist_drive,727.0,True,6475
1951-1960,26,terrorism,jakarta_indonesia,339.0,True,6475
1951-1960,26,terrorist,south_vietnam,473.0,True,6475
1951-1960,27,terrorism,kill_injure,4.0,True,6453
1951-1960,27,terrorism,slay,1.0,True,6453
1951-1960,27,terrorism,cameroon,26.0,True,6453
1951-1960,27,terrorism,north_africans,,True,6453
1951-1960,27,terrorism,mau_mau,16.0,True,6453
1951-1960,27,terrorism,counterterrorist,271.0,True,6453
1951-1960,27,terrorism,antiterrorist_drive,413.0,True,6453
1951-1960,27,terrorism,jakarta_indonesia,212.0,True,6453
1951-1960,27,terrorist,south_vietnam,15.0,True,6453
1951-1960,28,terrorism,kill_injure,159.0,True,6456
1951-1960,28,terrorism,slay,61.0,True,6456
1951-1960,28,terrorism,cameroon,155.0,True,6456
1951-1960,28,terrorism,north_africans,356.0,True,6456
1951-1960,28,terrorism,mau_mau,322.0,True,6456
1951-1960,28,terrorism,counterterrorist,503.0,True,6456
1951-1960,28,terrorism,antiterrorist_drive,2282.0,True,6456
1951-1960,28,terrorism,jakarta_indonesia,190.0,True,6456
1951-1960,28,terrorist,south_vietnam,151.0,True,6456
1951-1960,29,terrorism,kill_injure,2.0,True,6946
1951-1960,29,terrorism,slay,1.0,True,6946
1951-1960,29,terrorism,cameroon,1036.0,True,6946
1951-1960,29,terrorism,north_africans,139.0,True,6946
1951-1960,29,terrorism,mau_mau,13.0,True,6946
1951-1960,29,terrorism,counterterrorist,7.0,True,6946
1951-1960,29,terrorism,antiterrorist_drive,503.0,True,6946
1951-1960,29,terrorism,jakarta_indonesia,684.0,True,6946
1951-1960,29,terrorist,south_vietnam,981.0,True,6946
1951-1960,30,terrorism,kill_injure,1.0,True,6458
1951-1960,30,terrorism,slay,22.0,True,6458
1951-1960,30,terrorism,cameroon,146.0,True,6458
1951-1960,30,terrorism,north_africans,6.0,True,6458
1951-1960,30,terrorism,mau_mau,240.0,True,6458
1951-1960,30,terrorism,counterterrorist,,True,6458
1951-1960,30,terrorism,antiterrorist_drive,350.0,True,6458
1951-1960,30,terrorism,jakarta_indonesia,122.0,True,6458
1951-1960,30,terrorist,south_vietnam,2613.0,True,6458
1951-1960,31,terrorism,kill_injure,161.0,True,6304
1951-1960,31,terrorism,slay,4.0,True,6304
1951-1960,31,terrorism,cameroon,536.0,True,6304
1951-1960,31,terrorism,north_africans,23.0,True,6304
1951-1960,31,terrorism,mau_mau,172.0,True,6304
1951-1960,31,terrorism,counterterrorist,560.0,True,6304
1951-1960,31,terrorism,antiterrorist_drive,,True,6304
1951-1960,31,terrorism,jakarta_indonesia,40.0,True,6304
1951-1960,31,terrorist,south_vietnam,2767.0,True,6304
1951-1960,32,terrorism,kill_injure,21.0,True,6592
1951-1960,32,terrorism,slay,1030.0,True,6592
1951-1960,32,terrorism,cameroon,38.0,True,6592
1951-1960,32,terrorism,north_africans,679.0,True,6592
1951-1960,32,terrorism,mau_mau,481.0,True,6592
1951-1960,32,terrorism,counterterrorist,,True,6592
1951-1960,32,terrorism,antiterrorist_drive,128.0,True,6592
1951-1960,32,terrorism,jakarta_indonesia,94.0,True,6592
1951-1960,32,terrorist,south_vietnam,19.0,True,6592
1951-1960,33,terrorism,kill_injure,25.0,True,6634
1951-1960,33,terrorism,slay,3.0,True,6634
1951-1960,33,terrorism,cameroon,11.0,True,6634
1951-1960,33,terrorism,north_africans,210.0,True,6634
1951-1960,33,terrorism,mau_mau,250.0,True,6634
1951-1960,33,terrorism,counterterrorist,,True,6634
1951-1960,33,terrorism,antiterrorist_drive,,True,6634
1951-1960,33,terrorism,jakarta_indonesia,1042.0,True,6634
1951-1960,33,terrorist,south_vietnam,2049.0,True,6634
1951-1960,34,terrorism,kill_injure,89.0,True,6133
1951-1960,34,terrorism,slay,186.0,True,6133
1951-1960,34,terrorism,cameroon,477.0,True,6133
1951-1960,34,terrorism,north_africans,621.0,True,6133
1951-1960,34,terrorism,mau_mau,676.0,True,6133
1951-1960,34,terrorism,counterterrorist,284.0,True,6133
1951-1960,34,terrorism,antiterrorist_drive,,True,6133
1951-1960,34,terrorism,jakarta_indonesia,189.0,True,6133
1951-1960,34,terrorist,south_vietnam,237.0,True,6133
1951-1960,35,terrorism,kill_injure,8.0,True,6779
1951-1960,35,terrorism,slay,92.0,True,6779
1951-1960,35,terrorism,cameroon,367.0,True,6779
1951-1960,35,terrorism,north_africans,20.0,True,6779
1951-1960,35,terrorism,mau_mau,105.0,True,6779
1951-1960,35,terrorism,counterterrorist,32.0,True,6779
1951-1960,35,terrorism,antiterrorist_drive,,True,6779
1951-1960,35,terrorism,jakarta_indonesia,541.0,True,6779
1951-1960,35,terrorist,south_vietnam,489.0,True,6779
1951-1960,36,terrorism,kill_injure,18.0,True,6367
1951-1960,36,terrorism,slay,1.0,True,6367
1951-1960,36,terrorism,cameroon,39.0,True,6367
1951-1960,36,terrorism,north_africans,414.0,True,6367
1951-1960,36,terrorism,mau_mau,105.0,True,6367
1951-1960,36,terrorism,counterterrorist,,True,6367
1951-1960,36,terrorism,antiterrorist_drive,721.0,True,6367
1951-1960,36,terrorism,jakarta_indonesia,195.0,True,6367
1951-1960,36,terrorist,south_vietnam,299.0,True,6367
1951-1960,37,terrorism,kill_injure,35.0,True,6305
1951-1960,37,terrorism,slay,7.0,True,6305
1951-1960,37,terrorism,cameroon,22.0,True,6305
1951-1960,37,terrorism,north_africans,150.0,True,6305
1951-1960,37,terrorism,mau_mau,20.0,True,6305
1951-1960,37,terrorism,counterterrorist,165.0,True,6305
1951-1960,37,terrorism,antiterrorist_drive,,True,6305
1951-1960,37,terrorism,jakarta_indonesia,,True,6305
1951-1960,37,terrorist,south_vietnam,240.0,True,6305
1951-1960,38,terrorism,kill_injure,222.0,True,6421
1951-1960,38,terrorism,slay,23.0,True,6421
1951-1960,38,terrorism,cameroon,266.0,True,6421
1951-1960,38,terrorism,north_africans,98.0,True,6421
1951-1960,38,terrorism,mau_mau,48.0,True,6421
1951-1960,38,terrorism,counterterrorist,182.0,True,6421
1951-1960,38,terrorism,antiterrorist_drive,363.0,True,6421
1951-1960,38,terrorism,jakarta_indonesia,381.0,True,6421
1951-1960,38,terrorist,south_vietnam,63.0,True,6421
1951-1960,39,terrorism,kill_injure,30.0,True,6370
1951-1960,39,terrorism,slay,9.0,True,6370
1951-1960,39,terrorism,cameroon,95.0,True,6370
1951-1960,39,terrorism,north_africans,190.0,True,6370
1951-1960,39,terrorism,mau_mau,22.0,True,6370
1951-1960,39,terrorism,counterterrorist,298.0,True,6370
1951-1960,39,terrorism,antiterrorist_drive,,True,6370
1951-1960,39,terrorism,jakarta_indonesia,,True,6370
1951-1960,39,terrorist,south_vietnam,347.0,True,6370
1951-1960,40,terrorism,kill_injure,60.0,True,6517
1951-1960,40,terrorism,slay,162.0,True,6517
1951-1960,40,terrorism,cameroon,206.0,True,6517
1951-1960,40,terrorism,north_africans,62.0,True,6517
1951-1960,40,terrorism,mau_mau,13.0,True,6517
1951-1960,40,terrorism,counterterrorist,799.0,True,6517
1951-1960,40,terrorism,antiterrorist_drive,,True,6517
1951-1960,40,terrorism,jakarta_indonesia,326.0,True,6517
1951-1960,40,terrorist,south_vietnam,144.0,True,6517
1951-1960,41,terrorism,kill_injure,34.0,True,6410
1951-1960,41,terrorism,slay,37.0,True,6410
1951-1960,41,terrorism,cameroon,700.0,True,6410
1951-1960,41,terrorism,north_africans,253.0,True,6410
1951-1960,41,terrorism,mau_mau,29.0,True,6410
1951-1960,41,terrorism,counterterrorist,127.0,True,6410
1951-1960,41,terrorism,antiterrorist_drive,,True,6410
1951-1960,41,terrorism,jakarta_indonesia,609.0,True,6410
1951-1960,41,terrorist,south_vietnam,2017.0,True,6410
1951-1960,42,terrorism,kill_injure,12.0,True,6391
1951-1960,42,terrorism,slay,4.0,True,6391
1951-1960,42,terrorism,cameroon,9.0,True,6391
1951-1960,42,terrorism,north_africans,75.0,True,6391
1951-1960,42,terrorism,mau_mau,274.0,True,6391
1951-1960,42,terrorism,counterterrorist,88.0,True,6391
1951-1960,42,terrorism,antiterrorist_drive,,True,6391
1951-1960,42,terrorism,jakarta_indonesia,14.0,True,6391
1951-1960,42,terrorist,south_vietnam,45.0,True,6391
1951-1960,43,terrorism,kill_injure,4.0,True,6613
1951-1960,43,terrorism,slay,14.0,True,6613
1951-1960,43,terrorism,cameroon,252.0,True,6613
1951-1960,43,terrorism,north_africans,20.0,True,6613
1951-1960,43,terrorism,mau_mau,186.0,True,6613
1951-1960,43,terrorism,counterterrorist,833.0,True,6613
1951-1960,43,terrorism,antiterrorist_drive,,True,6613
1951-1960,43,terrorism,jakarta_indonesia,801.0,True,6613
1951-1960,43,terrorist,south_vietnam,262.0,True,6613
1951-1960,44,terrorism,kill_injure,286.0,True,6253
1951-1960,44,terrorism,slay,32.0,True,6253
1951-1960,44,terrorism,cameroon,10.0,True,6253
1951-1960,44,terrorism,north_africans,639.0,True,6253
1951-1960,44,terrorism,mau_mau,600.0,True,6253
1951-1960,44,terrorism,counterterrorist,9.0,True,6253
1951-1960,44,terrorism,antiterrorist_drive,,True,6253
1951-1960,44,terrorism,jakarta_indonesia,277.0,True,6253
1951-1960,44,terrorist,south_vietnam,351.0,True,6253
1951-1960,45,terrorism,kill_injure,15.0,True,6589
1951-1960,45,terrorism,slay,1.0,True,6589
1951-1960,45,terrorism,cameroon,391.0,True,6589
1951-1960,45,terrorism,north_africans,38.0,True,6589
1951-1960,45,terrorism,mau_mau,7.0,True,6589
1951-1960,45,terrorism,counterterrorist,,True,6589
1951-1960,45,terrorism,antiterrorist_drive,,True,6589
1951-1960,45,terrorism,jakarta_indonesia,1013.0,True,6589
1951-1960,45,terrorist,south_vietnam,474.0,True,6589
1951-1960,46,terrorism,kill_injure,3.0,True,6453
1951-1960,46,terrorism,slay,80.0,True,6453
1951-1960,46,terrorism,cameroon,434.0,True,6453
1951-1960,46,terrorism,north_africans,69.0,True,6453
1951-1960,46,terrorism,mau_mau,106.0,True,6453
1951-1960,46,terrorism,counterterrorist,79.0,True,6453
1951-1960,46,terrorism,antiterrorist_drive,587.0,True,6453
1951-1960,46,terrorism,jakarta_indonesia,150.0,True,6453
1951-1960,46,terrorist,south_vietnam,5.0,True,6453
1951-1960,47,terrorism,kill_injure,229.0,True,6482
1951-1960,47,terrorism,slay,111.0,True,6482
1951-1960,47,terrorism,cameroon,291.0,True,6482
1951-1960,47,terrorism,north_africans,672.0,True,6482
1951-1960,47,terrorism,mau_mau,3.0,True,6482
1951-1960,47,terrorism,counterterrorist,55.0,True,6482
1951-1960,47,terrorism,antiterrorist_drive,,True,6482
1951-1960,47,terrorism,jakarta_indonesia,247.0,True,6482
1951-1960,47,terrorist,south_vietnam,138.0,True,6482
1951-1960,48,terrorism,kill_injure,57.0,True,6341
1951-1960,48,terrorism,slay,1.0,True,6341
1951-1960,48,terrorism,cameroon,139.0,True,6341
1951-1960,48,terrorism,north_africans,114.0,True,6341
1951-1960,48,terrorism,mau_mau,33.0,True,6341
1951-1960,48,terrorism,counterterrorist,55.0,True,6341
1951-1960,48,terrorism,antiterrorist_drive,690.0,True,6341
1951-1960,48,terrorism,jakarta_indonesia,335.0,True,6341
1951-1960,48,terrorist,south_vietnam,1114.0,True,6341
1951-1960,49,terrorism,kill_injure,,True,6449
1951-1960,49,terrorism,slay,39.0,True,6449
1951-1960,49,terrorism,cameroon,1296.0,True,6449
1951-1960,49,terrorism,north_africans,97.0,True,6449
1951-1960,49,terrorism,mau_mau,3.0,True,6449
1951-1960,49,terrorism,counterterrorist,400.0,True,6449
1951-1960,49,terrorism,antiterrorist_drive,154.0,True,6449
1951-1960,49,terrorism,jakarta_indonesia,249.0,True,6449
1951-1960,49,terrorist,south_vietnam,105.0,True,6449
