Replicate,Target,Top25,n_klan,n_racial_electoral,n_state_terror
0,terrorism,"mississippi, salutary, homicidal, oxford_miss, tice, undispute, civil_liberty, leagues, arkansas, obsequious, disunion, outrage, vice_presidency, fraud_intimidation, deprive_right, georgia_alabama, forty_thousand, jefferson, moore, practical_disfranchisement, premeditate, border_ruffian, unsolved, boat_ply, instill",0,5,0
0,terrorist,"black_tea, hateful, repression, landlordism, espionage, wise_counsel, corruption, explicitly_exclude, solitary_confinement, congress_adjourn, unwarrantable, prohibitory, brigandage, cruelty, letter_carrier, favoritism, settle_score, ostracism, custer, reign_terror, strong_feeling, spy, reestablish, communism, coquette",0,0,2
1,terrorism,"louisiana_mississippi, preserved, arkansas, except_rare, outrage_commit, fraud_intimidation, alabama_arkansas, beneficial_effect, repugnant, adams, passport, approximate, conceivable, grave_suspicion, favorite_resort, refund, georgia_alabama, jackson_miss, klan, duration_intensity, pervade, detailed, radically_wrong, reign_terror, excessive_taxation",1,6,1
1,terrorist,"violence_intimidation, brigandage, legalize, arkansas_mississippi, needy, intimidation, pretty_thoroughly, selfish, wrongdoer, violence_lawlessness, catholics, fraud_intimidation, disorderly, roast, reign_terror, immature, atrocity, ostracism, impunity, signing, commendable, restrain, motor, brute_force, hateful",0,2,2
2,terrorism,"express_sentiment, lawlessness, vicious, letters_times, ostracism, disgraceful, tariff_bill, georgia, electoral, foreign_policy, alabama_arkansas, affirm, exist, essence, governmental_power, san, nullify, georgia_alabama, democratic_nomination, pervade, temper, indirect, objection, outrageous, displeased",0,2,0
2,terrorist,"civil_right, discernible, stony_follow, outlaws, restrain, unaccustomed, concussion, grim, rotten, dark_age, intimidation, brute_force, ostracism, motor, twentyfive_mile, practically_impossible, violent_resistance, solitary_confinement, impudent, unskilled_labor, violence_intimidation, tale, rationally, drawer_water, fatally",0,1,1
3,terrorism,"oxford_miss, synod, alabama_arkansas, legislation_pass, mississippi_alabama, terrorise, scarecrow, statesmen, overwhelmingly, suppression, east_west, congratulatory, denote, confer, motion_adjourn, propagandist, vive, indifference, eruption, dilate, oligarchy, platform_adopt, florida, shotgun, election_fraud",0,2,0
3,terrorist,"intent_purpose, practice, brute_force, absurd, scarecrow, colored_vote, compare, selfish, violence, atrocity, intimidation, anxious_avoid, feeling, riot_tumult, protective, despotism, reign_terror, feel_insecurity, lawless, ex_change, void, compass, ruffian, warm_reception, disbelieving",0,3,3
4,terrorism,"oxford_miss, outrage, louisiana_mississippi, dickinson, bulldozing, democratic_platform, alder, intimidation_violence, reign_terror_exist, presidential_election, repugnant, riot_tumult, arkansas, virginia_north_carolina, newspaper_editorial, infallible, mississippi, sow, practical_disfranchisement, riots, violence_intimidation, mississippi_louisiana, montgomery, rifle_club, operate",0,7,0
4,terrorist,"outrage, intimidation_violence, espionage, cruelty, background, klan, reign_terror, patronage, violence_intimidation, terror, riot_disorder, landlordism, pilgrimage, intimidation, spite, appeal_court, fraud_intimidation, sympathizer, obedience, chaos, discretion, peaceable_citizen, exasperation, deter, pay_expense",1,3,1
5,terrorism,"cette, north_south_carolina, throw_brick, internal_revenue, incorrect, unsolved, succeeding, diplomatic_post, shotgun, tom_mission, dermal, gear, disabilities, osborne, greed, eat_breakfast, wabash, gold_reserve, considered, intimidation_violence, solely_purpose, throughout_entire, publish, commercial_bank, conclusive_proof",0,1,0
5,terrorist,"repression, irresponsible, brute_force, landlordism, change_tone, poverty_ignorance, bestow_blessing, spy, congress_adjourn, prolonged, hateful, intent_purpose, oppressive_measure, broadcast, exasperation, faint_hope, coercion, unprecedented, unanimously_reverse, espionage, reign_terror, warfare, summarily, seem_likely, mixture",0,0,3
6,terrorism,"alabama_arkansas, criminal_prosecution, bidding, senator_north_carolina, throw_brick, give_indication, doors, unionism, georgia, lawfully_elect, hansom, ely, civil_liberty, north_south_carolina, legally_elect, election_campaign, georgia_alabama, riffraff, proprieties, turn_loose, seal, continuation, arkansas, fraud_intimidation, governments",0,4,0
6,terrorist,"riot_disorder, seem_likely, reign_terror, congress_adjourn, faint_hope, carnival, repression, pretence, sympathizer, fraud_intimidation, political_party, hannibal, terror, corrupt_influence, found, hateful, society_prevention, utmost_care, apparent_unanimity, pilgrimage, vigorous_campaign, notoriously, violence_intimidation, colored_voter, corruption",0,2,2
7,terrorism,"louisiana_mississippi, alabama, alabama_arkansas, florida_louisiana, total_loss, god_sake, presidential_canvass, chas, conformity, confident, quite_different, georgia_alabama, border_ruffian, interference, presidential_election, punishment, pollen, foreign_consul, violence_intimidation, nominal, vill, applaud, wyome, arkansas, restrain",0,5,0
7,terrorist,"pressure, entreat, provoke_hostility, utmost_care, oppressive_measure, riot_disorder, sympathizer, carnival, rural_district, congress_adjourn, pilgrimage, instrumental, peace_prosperity, detach, cooperate, intimidation, viva_voice, wholesale, bloodshed, wild_excitement, existence, landgrave, securely, quite_sure, federal_officeholder",0,1,0
8,terrorism,"bloody_shirt, election_fraud, adi, alabama_arkansas, god_sake, klan, foregoing, utterly_unable, substantiate, serve_pretext, outrage, voter_register, color_voter, supplementary, constitutional_amendment, justification_excuse, kansas_parish, peace_prosperity, outrage_commit, intima_nation, bulldoze, disorganize, criminal_prosecution, civil_right, attempt_coup",1,2,0
8,terrorist,"strong_feeling, psychological_torture, reign_terror, fraud_intimidation, incredulity, irresponsible, bestow_blessing, discrimination, violence_bloodshed, compulsory, revolt, itchy, respectfully_urge, england_scotland, repression, brigandage, violence, link, espionage, prior_arrival, unfortunately, eagerly_await, hateful, marvelous, louisiana_south_carolina",0,1,2
9,terrorism,"validity, south_west, create_sensation, trade_union, wholesale_massacre, greed, illusory, koch, transcript, phantom, whitman, problem, hugging, convert, prosecute, mandate, scarcely_imagine, louisiana_mississippi, extreme_measure, suis, proscription, ignore, juvenile, bolde, plume",0,1,0
9,terrorist,"mississippi_louisiana, outrage, amply_sufficient, lawless, reign_terror, system_devise, threat, utmost_care, unlawful, hateful, stringent, sympathizer, exceed_expectation, brigandage, espionage, benevolent_association, riot_disorder, intimidation, martial_law, violent_resistance, letter_carrier, poverty_ignorance, corruption, ex_pose, discernible",0,1,1
10,terrorism,"continuation, betwixt, north_south_carolina, freedmen, shade_opinion, color_voter, election_fraud, testimony, louisiana_mississippi, penetration, pressure, inconsistency, indignity, white_negro, sherman, arise, conceive_idea, unequivocal, forcible, fugitive_slave, democratic_platform, considerable_portion, talent, found_principle, eruption",0,3,0
10,terrorist,"hateful, intent_purpose, repression, public_school, browbeat, coercion, tyranny, sauce, denounced, bravado, brigandage, riot_disorder, postal, terrorise, half_population, mississippi_louisiana, poverty_ignorance, violence_intimidation, violence, military_dictatorship, extension, barbarous, provide_sufficient, lawlessness, counselling",0,0,2
11,terrorism,"due, georgia_alabama, demain, sawyer, throughout_entire, programme, florida_louisiana, extreme_caution, attempt_coup, acid, pacification, howard, undisguise, pack, personal_safety, corroborate, review, louisiana_mississippi, found_principle, friends, greater, depended, arkansas_mississippi, hippodrome, tomboy",0,3,0
11,terrorist,"rent_payment, hateful, selection_jury, glaring, sterling, internal_revenue, grim, continental, perfectly_innocent, fruitful, survive, entreat, coerce, domestic, ingratitude, fateful, public_sentiment, terrorise, establishe, motile, intent_purpose, discontent, ruthless, discrimination, lawless",0,0,0
12,terrorism,"invite_join, lawlessness, manor, preserved, oxford_miss, poky, klan, constitutional_convention, furnish_information, dram, advent, alabama_arkansas, mississippi, absolute_power, convention_nominate, applause_gentleman, violence_intimidation, munro, combat, defense, increase_number, essence, disclose, diffuse, thoroughly_disgusted",1,2,0
12,terrorist,"electoral_fraud, rotten, recreation, widespread, benevolent_association, wholesale_scale, provoke_hostility, enfranchised, strong_feeling, dual, fruitful, prior_arrival, solitary_confinement, resort, gideon, violence_intimidation, fraud_intimidation, surveillance, violence_bloodshed, brigandage, intimidation, powerful, contentment, impossible, discontent",0,2,0
13,terrorism,"alabama_arkansas, tov, florida, election_fraud, chalmer, enfranchise, canals, louisiana_south_carolina, north_carolina, root, bias, fur_purpose, south_carolina, color_voter, operate, fraud_theft, postal_revenue, intimidation_violence, republicans, perishe, bulldozing, jackson_miss, fair_sample, adoption, dickinson",0,5,0
13,terrorist,"utmost_care, riot_disorder, needy, atrocity, gigantic, discernible, compulsory, obtain_requisite, outrage, reign_terror, congress_adjourn, solemn_responsibility, corrupt_influence, mysterious, coerce, casual_visitor, amply_sufficient, harris, reservation, warlike_preparation, abstinence, seem_likely, unwarrantable, lender, act_violence",0,0,1
14,terrorism,"constitutionally, jackson_miss, freedmen, federal_judge, carolina_louisiana, alabama_arkansas, overstep_limit, palpate, holmes, unauthorized, ulster, assize, ostracism, reinstate, refuse_recognize, impure, fundamental_principle, oppression, bigotry, east_west, propagandist, agrarian, decade, arkansas, unalterable",0,4,1
14,terrorist,"strong_feeling, ostracism, immature, conspiracy, atrocity, settle_score, sort_monroe, shotgun, irresponsible, swiss, ex_change, utmost_care, foster, greedy, oppressive, greatest, intent_purpose, martial_law, brigandage, discontent, unaccustomed, incendiary, pretty_thoroughly, systematic, trickery",0,0,0
15,terrorism,"louisiana_mississippi, thorn, fair_election, arkansas, georgia_alabama, election_fraud, bidding, false_accusation, jackson_miss, jefferson, grand_jury, civil_liberty, supervisor, tact, oxford_miss, representatives, voting_precinct, signer, insinuate, supplement, mississippi_alabama, lawfully_elect, investigate, aureus, infested",0,6,0
15,terrorist,"atrocious, utmost_care, settle_score, unskilled_labor, strong_feeling, universal_suffrage, spy, violence_intimidation, glaring, decrease_number, brute_force, anxious_avoid, bubble, motile, merciless, brigandage, widespread, accusation, dread, scarcely_imagine, mosquito_net, fiery, frenzy, liberalism, colonizer",0,0,1
16,terrorism,"mississippi, tov, proprieties, dickinson, alabama, caroline, secession_movement, absolute_power, senate_chamber, georgia_alabama, red_river, alabama_arkansas, louisiana_south_carolina, michigan, emphasis, homicidal, hayes_wheeler, restrain, john_belly, estrangement, tissue, uninteresting, color_voter, carolina, shotgun",0,3,0
16,terrorist,"compulsory, framed, brigandage, strong_feeling, reign_terror, immature, town_inhabitant, violence, violent_resistance, invasion_insurrection, constitutional_restraint, motile, revel, intimidation, impunity, outrage, urgency, virtual, stringent, landlordism, insurrection_domestic, unequal_contest, birmingham, impartially, herr_davis",0,1,1
17,terrorism,"ex_pet, averse, parish_baton_gouge, orange, riots, small_scale, close_scrutiny, damascus, close_examination, bulldozing, freedmen, draw_knife, palate, antemortem, dans, fair_election, inspector_general, scruple, council, reverse, gladstone_replying, distract, effrontery, carve, real_imaginary",0,3,0
17,terrorist,"violence_intimidation, reign_terror, strong_feeling, impunity, repression, osborne, congress_adjourn, invention, bloody, legalize, invasion_insurrection, cruelty, pus_bible, lawlessness, overthrow_czar, oppressive_measure, mississippi_louisiana, restrain, banishment, unskilled_labor, eruption, originality, wholesale_scale, espionage, lawless",0,0,2
18,terrorism,"arkansas, phoenix_dark, stifle, judiciary_committee, oxford_miss, treasonable, louisiana_mississippi, infamous, dishonesty, strife_bitterness, hardly_consistent, hubbub, regain_power, emphatically, violence_intimidation, abandon_treaty, mississippi_alabama, prevention, faint_idea, difficultie, missouri_kentucky, unheeded, randall, alabama_arkansas, purely",0,3,0
18,terrorist,"strong_feeling, wholesale_scale, proper_function, spy, oppressive_measure, intimidation, strong_enough, corruption, brigandage, motor, intent_purpose, irritation, illegal, fruitful, election_fraud, fraud_intimidation, stony_follow, log_cabin, amply_sufficient, undue_influence, broadcast, greedy, originality, reign_terror, resentment",0,3,1
19,terrorism,"prevent_interference, offense, quote, mississippi, violence_intimidation, denial, indignity, bring_attention, civil_liberty, whenever_wherever, incorrect, nigh, interpose, stoop, disgraceful, industrious, fine_impose, remain_faithful, room_mend, diabolical, excoriate, kansas_parish, pioneer, allege_disuse, furnish_information",0,1,0
19,terrorist,"solemn_responsibility, foreign_competition, impunity, strong_feeling, wholesale_scale, utmost_care, tyranny, resorted, intent_purpose, disaffect, terrorise, stony_follow, detach_fort, animal, gymnastic, repugnant, spy, browbeat, privilege_citizenship, dark_age, illegal, terror, lawless, fumble, mutilation",0,0,1
20,terrorism,"unwise, change_venue, readjust, preserved, throughout_entire, outrage_commit, south_west, incident, lawless, adams, eminently, perturb, klan, law_regulate, sov_chamberlain, prevail, armed_band, progress_toward, licensing, fifth, disintegrate, warp, trolley, institute, infested",1,0,0
20,terrorist,"australian, unaccustomed, sauce, beginning, protective, outrage, cleanliness_order, intimidation, rationally, fraud_intimidation, landgrave, intimidation_violence, brigandage, ignorance, wise_counsel, spy, intent_purpose, repression, exceed_expectation, vigilance, glaring, quarante, reign_terror, legalize, suffrage",0,3,2
21,terrorism,"beneficial_effect, senate_chamber, canals, commercial_bank, peculiar_institution, west, subcommittee, dominant, beneficial, north, undisputed, nearly, pensacola, georgia_alabama, predominant, senator, schoolhouse, mall, fulton, hordes, populist, senator_massachusetts, neglect_neglect, nowhere, merciless",0,1,0
21,terrorist,"mississippi_louisiana, constitutional_restraint, outrage, bribe_pay, absolute_power, oppressive_measure, brute_force, benevolent_association, tyrannical, wholesale, terror, hush, bloodshed, fraud_intimidation, terrorise, denounced, atrocity, reign_terror, widespread, immature, pressure, poverty_ignorance, intimidation_fraud, brigandage, heating",0,1,2
22,terrorism,"active_hostility, ris, immediate_unconditional, turkish_empire, aright, northwest, evince_spirit, grandly, manifesto, confederate_soldier, evidence_overwhelm, hannibal, irrevocable, averse, jointly, policy, forty_mile, amendment_constitution, alabama_arkansas, brazen, aggressor, definite_purpose, formally, vitiate, warlike_preparation",0,1,0
22,terrorist,"violence_intimidation, military_dictatorship, mississippi_louisiana, intent_purpose, brute_force, traversed, corruption, disorganization, blackmail, reservation, drawer_water, communism, reign_terror, priest, crudest, fraud_intimidation, dark_age, whipping, somewhat_different, intimidation, dispatch_dublin, utmost_confidence, corrupt_influence, disadvantage, oswego",0,2,2
23,terrorism,"terrorise, east_west, yon, arkansas, jefferson, glare, democrat_republican, louisiana_mississippi, allege_abuse, homicidal, describe, alabama_arkansas, rio, dispatch_sheridan, innocence, signature, intima_nation, georgia, alteration, tax_increase, qualified_elector, riot_tumult, bias, laughable, corning",0,4,0
23,terrorist,"sympathizer, undemocratic, solitary_confinement, hateful, shield, violence_intimidation, intent_purpose, drawback, riot_disorder, rational, congress_adjourn, virtue, fraud_intimidation, give_impression, wholesale_scale, discretion, brigandage, howl_green, intimidation, coquette, quarrelsome, repression, quartermaster_department, destruction, feel_insecurity",0,2,1
24,terrorism,"difficultie, deprecated, mississippi_louisiana, norfolk, resolution_introduce, troops, lock_ark, georgia_alabama, evince_spirit, arkansas, aureus, florida, intimidation_fraud, bias, kentucky_missouri, nonsense, mississippi_alabama, virginia_north_carolina, south_carolina, intimidation_violence, florida_louisiana, elliott, alabama_arkansas, chalmer, red_river",0,5,0
24,terrorist,"rent_payment, widespread, mississippi_louisiana, fraud_intimidation, impunity, repression, landlordism, radically_wrong, irresponsible, reestablish, covert, oppressive_measure, spy, aggression, electoral_fraud, violence, human_nature, quarante, dual, disable, wanton, mountain_range, difficultie, violence_intimidation, unwise",0,1,1
25,terrorism,"absolute_power, arkansas, counties, thatched, electoral, practical_experience, friends, beneficial_effect, severance, fair_election, purely, concede, unionists, averse, mendicant, despotism_crush, florida_louisiana, speak_directly, justly, citizen_reside, jefferson, fortunes, aureus, south_dakota, polite_cal",0,3,0
25,terrorist,"discernible, compulsory, sympathizer, wholesale_scale, brigandage, solitary_confinement, deter, wild_excitement, continental, australian, reign_terror, gigantic, hateful, amply_sufficient, espionage, legalize, object_attain, surprising, ostracism, pacific_island, shameful, feel_insecurity, surveillance, mosquito_net, widespread",0,0,1
26,terrorism,"reign_terror, voter_register, interesting_alabama, supplementary, close_relationship, alabama, beneficial_effect, refusal_obey, perish, crime_commit, groundless, division, riot_tumult, aureus, scout, louisiana_mississippi, members_congress, corrupt_practice, harris, test_oath, popular_feeling, inherent_weakness, committees, color_voter, unjust",0,2,1
26,terrorist,"brute_force, strong_feeling, broadcast, brigandage, st, military_dictatorship, landlordism, intent_purpose, perversion, pretence, intimidation, peace_prosperity, outrage, irresponsible, wild_excitement, protective, originality, indemnity, repression, merciless, corruption, hateful, congress_adjourn, legalize, hamburg",0,1,2
27,terrorism,"quite_different, friable, ratio, color_voter, qualified_voter, military_commander, aureus, debtor, difficultie, tov, tardy, dram, public_opinion, fifteen, theywere, budget, florida_louisiana, willing_entertain, throughout_entire, sterner_measure, senator_norton, instructive, governmental_power, tete, anywhere_world",0,1,0
27,terrorist,"brute_force, respectfully_urge, banishment, illegal, virtual, lawless, mississippi_louisiana, prior_arrival, widespread, terror, riot_disorder, discretion, prevent, strong_feeling, vigorous_measure, carnival, landlordism, violence_intimidation, reservation, atrocity, elective_franchise, irresponsible, fruitful, riot_tumult, amply_sufficient",0,1,1
28,terrorism,"white_plains, selection_candidate, proscription, resent, cleaning, civil_liberty, adroit, arkansas, depopulate, brutally_murder, indignity, congressional_committee, pretence, dishonesty, unanimously, fasten, lawlessness, subversive, warehouse_parish, uphold, epidemic, extreme_caution, murder, border_ruffian, bandit",0,1,0
28,terrorist,"solemn_responsibility, rent_payment, stony_follow, sauce, strong_feeling, espionage, disadvantage, repression, landlordism, fraud_intimidation, careful_examination, feel_insecurity, intimidation, violence_bloodshed, freebooter, intent_purpose, sort_monroe, fateful, rationally, act_violence, strong_enough, corrupting, fraud, croquettes, ignorance",0,2,1
29,terrorism,"tov, testimony, florida_louisiana, helpless_unable, firmly_resist, qualified, georgia_alabama, kidnapping, arkansas, god_sake, alabama, constitutional_convention, turn_loose, troops, colored_vote, resolution, detailed, lie_contiguous, kentucky_tennessee, oxford_miss, stile, letters_times, supervisor, free_fair, alabama_arkansas",0,6,0
29,terrorist,"reestablish, reign_terror, military_dictatorship, repression, constitutional_restraint, oppression, twentyfive_mile, despotic, wholesale_scale, tranquility, infect, riot_disorder, strong_feeling, outrage, audacity, outrage_commit, gigantic, become_accustomed, wrong, abridge, armed_band, impunity, ream, lawless, attempt_conceal",0,0,3
30,terrorism,"infest, unauthorized, arkansas, silliness, quantity_arm, verbally, snip, ohio_indiana, flagrant_instance, garb, difficultie, endangered, orange, reformers, italians, false_accusation, abdul, murderous, arouse_apprehension, foreign_minister, public_safety, retribution_mete, bosoms, stun, riots",0,1,0
30,terrorist,"utmost_care, browbeat, wholesale_scale, reign_terror, espionage, framed, strong_feeling, itchy, retribution_mete, violence, settle_score, intimidation, verbally, irregularity, insurrection_domestic, manifested, inert, exaggerated, rationally, corruption, illegal, infest, brigandage, solitary_confinement, widespread",0,1,1
31,terrorism,"east_west, snap_judgment, democratic_reform, house_representatives, governor_louisiana, clear, insane_asylum, accurately, test_oath, furnish_conclusive, aught, outrage, modification, radicalism, bleach, nut, impudent, illusory, orange, serious_mistake, ann, tending, intelligent_honest, duplicate, terrorist",0,0,0
31,terrorist,"proscription, restrain, military_dictatorship, strong_feeling, entitle_respect, broadcast, brute_force, terror, ostracism, espionage, repression, congress_adjourn, reign_terror, act_violence, presumptive, heroism, combination, riot_disorder, radicalism, anxious_avoid, ex_change, violence_intimidation, drawer_water, martial_law, outrage",0,0,3
32,terrorism,"depopulate, klan, incident, nationalists, dixon, perish, estates, levy, amour, grand_juries, intima_nation, outfit, fair_election, danville, murderous, instigation, peace_prosperity, policy_toward, predominant, varnish, generously, england_scotland, riot_tumult, legally_qualified, violence_intimidation",1,2,0
32,terrorist,"strong_feeling, chaos_confusion, harmonise, reign_terror, freebooter, peace_prosperity, careful_examination, violence, seem_likely, persecution, feel_insecurity, freedmen, public_school, mississippi_louisiana, destruction_property, st, brigand, thunder_lightning, political_opponent, bravado, ingratitude, dominance, ostracism, federal_officeholder, dread",0,1,1
33,terrorism,"deprive, secede, south_carolina, nullify, arkansas, governmental_power, traitorous, purge, rational, distinction, public_sentiment, evince_spirit, averse, politicians, accession, summarily, criminal_prosecution, tyranny_injustice, councils, belong, ally, minimize, crime_commit, exclusion, partisan",0,1,0
33,terrorist,"incentive, public_school, object_attain, colored_vote, congress_adjourn, utmost_care, susceptible_proof, brute_force, hilton, violence_bloodshed, repression, noise, class_citizen, disbelieving, degenerate, terror, faith, brigandage, accomplishment, heretic, ire, bloodshed, exert_influence, perilous, unlawful",0,1,2
34,terrorism,"eczema, municipal_council, willing_entertain, marathon, antemortem, extreme_measure, unauthorized, turbine, substantiate, meridian_miss, predilection, sterner_measure, write_letter, crime_commit, arming, outlaws, census_enumeration, east_west, boycotter, campaigning, lawlessness, east, louisiana_mississippi, consolidated, interpose",0,1,0
34,terrorist,"violence_intimidation, itchy, respectfully_urge, espionage, spy, disgraceful, ex_change, loaded, universal_suffrage, illegal, compulsory, cowardice, benevolent_association, marathon, propound, unskilled_labor, amply_sufficient, mississippi_louisiana, actually, despotic, audacity, legalize, brigandage, protective, reservation",0,0,0
35,terrorism,"refuse_recognize, indignity, tete, polite_cal, entitle_representation, republican_candidate, select_delegate, peterson, interfere_purity, entitle_respect, white_plains, maliciously, canals, sixteen, gist, tennessee, vast_majority, prevent_interference, andrews, auditor, diffuse, recite, resolution_authorize, aggression, debris",0,0,0
35,terrorist,"intent_purpose, discernible, impunity, rational, dodge, fraud_intimidation, dread, mississippi_louisiana, ney, bribery, espionage, reign_terror, repugnant, ostracism, freebooter, lease_land, virtual, priest, tante, transformation, solitary_confinement, dare, manual, resorted, unpunished",0,1,1
36,terrorism,"populist, onslaught, arkansas, tennis, dickinson, intimidation, amply_sufficient, antagonize, plat_form, republican_majority, missouri_kansas, florida_louisiana, reign_terror, rubbish, illusory, speak_freely, ostracism, conclusive_proof, mississippi_louisiana, interesting_alabama, tour, insert, civil_right, hairdressing, plausible",0,3,1
36,terrorist,"australian, irresponsible, outrage, drawback, sympathizer, compulsory, covert, intimidation, salad, military_dictatorship, vagary, fateful, perishe, smack, tranquility, ostracism, fatally, bloody, coquette, reign_terror, modern_civilized, england_scotland, lawless, absurd, vicious",0,1,1
37,terrorism,"violence_intimidation, east_west, riot_tumult, civil_liberty, arkansas, florida, intimidation, bloodshed, widespread, protest, jefferson, penetration, prevail, outrage, axis, entitle_respect, louisiana_mississippi, organized, georgia, deliberate_attempt, democratic_nomination, judiciary_committee, corrupt_practice, crime_commit, differ_opinion",0,4,0
37,terrorist,"solemn_responsibility, disorderly, brigandage, solitary_confinement, strong_feeling, vigilance, espionage, tyranny, netherlands, patent, landgrave, cruelty, weekly_meeting, virtual, reign_terror, utmost_care, invention, proscription, ecclesiastical, woods, violence_intimidation, ex_change, benevolent_association, odious, hitch",0,0,2
38,terrorism,"preserved, wrest, correspondent_sov_proquest, rhode_island, congressional_committee, extreme_measure, national_council, proclivity, hillock, transparent, audacity, white_negro, threat, nerves, waddle, slavery, prop_ety, merciless, twofold, serenity, duct, unconstitutional, perish, ostracism, intima_nation",0,0,0
38,terrorist,"ostracism, bestow_blessing, rationally, violent_resistance, smack, australian, atrocity, outrage, public_school, discernible, resorted, espionage, universal_suffrage, irresponsible, solemn_responsibility, proper_function, brigandage, intent_purpose, anxious_avoid, procedure, heating, needless, ontario, cruelty, boycott",0,0,0
39,terrorism,"indignity, sustain, accusation, alabama_arkansas, arkansas, adams, georgia_alabama, louisiana_mississippi, oxford_miss, evidence, treasury_department, charge_offense, retro, electoral, wilke_tooth, proved, thief, florida, criminal_prosecution, xviii, democratic_reform, pro_ducked, strong, indirect, committee_subcommittee",0,4,0
39,terrorist,"solitary_confinement, strong_feeling, half_hour, cascade, tonic, woods, reign_terror, espionage, drawback, thrive, troublesome, cruelty, seem_likely, forcibly, systematic, saxon, ingenious, coercion, gigantic, virtual, constitutional_restraint, wrongdoer, tactic, coerce_join, external",0,0,1
40,terrorism,"arkansas, ratify, beneficial_effect, somewhat_different, legislature_elect, absolute_power, hawaiian, supervisor, louisiana_mississippi, hampton, mississippi_louisiana, vive, outcry, intimidation_violence, reiterate, auto, verbal, subversive, legislation_pass, patriarch, ascertain, decisive, missouri_kentucky, taft, equidistant",0,4,0
40,terrorist,"utmost_care, unwarrantable, intimidation, intent_purpose, hateful, browbeat, impossible, perpetrate, selfish, espionage, irresponsible, follower, violence, advent, public_school, reestablish, unalterably, violence_bloodshed, arkansas_mississippi, dark_age, speculator, lawless, smack, pilgrimage, intimidation_violence",0,2,0
41,terrorism,"arkansas, brazen, refer, amendment_constitution, color_voter, foreign_consul, provincial, bloodshe, test_oath, indictment, uncommon, fraud, disclose, intima_nation, ann, riot_tumult, bidding, legislature_elect, enormous_burden, warehouse_parish, committees, session, heretofore, congressional, intimidation_violence",0,4,0
41,terrorist,"unskilled_labor, unjust, reign_terror, virtual, sympathizer, anarchy, aggression, harmonise, radically_wrong, secret, radio, violence, dodge, violence_intimidation, propaganda, unnatural, restrain, pressure, repression, improbable, unaccustomed, poll, approbation, colored_voter, quarante",0,1,2
42,terrorism,"unendurable, enfranchise, careful_deliberation, democrat_republican, ste, arkansas, municipal_election, intimidation_violence, blaine, brazen, beneficial_effect, titus, ado, republican_majority, fair_election, sov_element, comparatively_safe, insert, rev_henry, linger, randall, electoral, pennsylvania_republican, thirteenth, vigorous_measure",0,3,0
42,terrorist,"arkansas_mississippi, immature, judiciary, espionage, letter_carrier, mississippi_louisiana, smack, salad, object_attain, radically_wrong, ratio, brute_force, forcibly, fruit, needy, juvenile, barber_shop, merely, passport, catholicism, stringent, tyrannical, reservation, systematically, vicious",0,0,1
43,terrorism,"seek_overthrow, tranquility, dictate_conscience, vast_number, proprietary, unawares, protectorate, limitation, impassable, eloquence, total_ignorance, relations, susan, alliance, implore, diplomat, ridiculous, baser, italy_austria, constantly, transform, refund, really, holmes, race_nationality",0,0,0
43,terrorist,"approbation, landlordism, oppressive, selection_jury, repression, quarante, utter_confusion, brute_force, compensate, reign_terror, speculator, soothe, seem_likely, freebooter, lawless, fatally, legalize, persecution, perpetrate, armed_band, rotten, elsewhere, evildoer, brutally_murder, deter",0,0,3
44,terrorism,"serious_doubt, neatly, peterson, florida_louisiana, bidding, tov, found_principle, louisiana_mississippi, weeks, missouri_kentucky, throw_light, naught, established, aix, legally_qualified, arkansas, exultation, virginia_north_carolina, aroma, maryland_kentucky, alabama, confirmation, accumulation, postal_revenue, gorge",0,3,0
44,terrorist,"itchy, mississippi_louisiana, lawless, repression, tyranny, inevitably, public_school, decent_citizen, deprive, slain, violence, strong_feeling, benevolent_association, violent_resistance, impunity, coercion, espionage, unequal_contest, browbeat, contribute, gigantic, thoroughly_arouse, carnival, reign_terror, total",0,0,3
45,terrorism,"intelligent_patriotic, dethrone, acquaint, calcutta, imputed, ungenerous, secessionist, ex_pet, seat_house_commons, bidding, installation, governmental_power, calumny, sepoy, cruiser, tadpole, adherence, sacrum, greed, found, ere, delegates, enunciation, severance, longed",0,0,0
45,terrorist,"widespread, rent_payment, strong_feeling, immature, terrified, solitary_confinement, political_agitation, rationally, vicious, brute_force, arkansas_mississippi, mississippi_louisiana, slovenly, diabolical, condemnation, fatally, forcibly, statute_authorize, espionage, mining, impunity, extension, enslavement, radically_wrong, coercion",0,0,1
46,terrorism,"suppression, voter_register, intimidation_violence, copperhead, election_fraud, shotgun, naturalization_paper, corrupt_influence, noisy_demonstration, terror_intimidation, color_voter, extremist, nuisance, congressional_election, free_fair, outnumber_white, absolute_power, dem, south_carolina, bulldoze, vote_cast, voters, proclivity, aix, reconstruction",0,3,0
46,terrorist,"freebooter, rent_payment, irresponsible, brigandage, reestablish, ex_change, feel_insecurity, selfish, widespread, colonizer, landgrave, fruitful, aversion, broadcast, surface, ostracism, mississippi_louisiana, repress, rotten, blackmail, civilized, retribution_mete, radically_wrong, drawback, thrive",0,0,0
47,terrorism,"tov, tee, elusive, paper, ingratitude, nonsensical, concurrent, georgia, criminal_prosecution, obvious_reason, budget, lock_ark, enormous_burden, free_fair, throw_light, th_inst, ann, approbation, formalitie, weigh, efficacy, honored, squire, presentation, slave_pleasure",0,1,0
47,terrorist,"irresponsible, dark_age, repression, drawback, blackmail, legal_status, originality, wrest, quarante, peace_prosperity, producer, england_scotland, solitary_confinement, coercion, grind, australian, universal_suffrage, insurrection_domestic, gigantic, undue_influence, fitful, practically, modified, everything_possible, liberalize",0,0,1
48,terrorism,"penitent, glean, louisiana_mississippi, insufficiency, transparent, sham, earner, express_bewilderment, deem_wise, scala, reign_terror, interrogator, serious_doubt, depopulate, ther, attend, violence_intimidation, lawfully_elect, partiality, seize_opportunity, educational, investigate, fifth_district, favorable_consideration, arkansas",0,2,1
48,terrorist,"fruitful, banishment, disapprove, intent_purpose, australian, constitutional_restraint, legalize, overturn, illegal, reign_terror, brigand, jacksonville_la, proscription, pilgrimage, intimidation, outrage, coercion, persuasion, rotten, armed_band, strong_feeling, violence_intimidation, operate, heating, modern_civilized",0,1,1
49,terrorism,"arkansas, subcommittee, counties, louisiana_texas, alabama_arkansas, louisiana_mississippi, coroner, continuously, emigrate, north_south_carolina, assume_command, repudiate, averse, antemortem, signer, decisive, warp, speak_freely, modesty, bearer, registered, tribune, twothirds, legislature, electors",0,3,0
49,terrorist,"freebooter, scotch, brigandage, browbeat, radically_wrong, fraud_intimidation, terror, persuasion, universal_suffrage, procedure, imitation, adroit, coercion, prohibitionist, blushes, discernible, practically_impossible, saxon, covert, outrage, reservation, bulldozed, violence, terrorise, reign_terror",0,1,1
